2026-05-28 16:33:58,210 INFO o.a.j.u.JMeterUtils: Setting Locale to en_EN
2026-05-28 16:33:58,224 INFO o.a.j.JMeter: Loading user properties from: /opt/homebrew/Cellar/jmeter/5.6.3/libexec/bin/user.properties
2026-05-28 16:33:58,224 INFO o.a.j.JMeter: Loading system properties from: /opt/homebrew/Cellar/jmeter/5.6.3/libexec/bin/system.properties
2026-05-28 16:33:58,227 INFO o.a.j.JMeter: Copyright (c) 1998-2024 The Apache Software Foundation
2026-05-28 16:33:58,227 INFO o.a.j.JMeter: Version 5.6.3
2026-05-28 16:33:58,227 INFO o.a.j.JMeter: java.version=21.0.11
2026-05-28 16:33:58,227 INFO o.a.j.JMeter: java.vm.name=OpenJDK 64-Bit Server VM
2026-05-28 16:33:58,227 INFO o.a.j.JMeter: os.name=Mac OS X
2026-05-28 16:33:58,227 INFO o.a.j.JMeter: os.arch=aarch64
2026-05-28 16:33:58,227 INFO o.a.j.JMeter: os.version=26.5
2026-05-28 16:33:58,227 INFO o.a.j.JMeter: file.encoding=UTF-8
2026-05-28 16:33:58,227 INFO o.a.j.JMeter: java.awt.headless=null
2026-05-28 16:33:58,227 INFO o.a.j.JMeter: Max memory     =1073741824
2026-05-28 16:33:58,227 INFO o.a.j.JMeter: Available Processors =8
2026-05-28 16:33:58,233 INFO o.a.j.JMeter: Default Locale=English (EN)
2026-05-28 16:33:58,233 INFO o.a.j.JMeter: JMeter  Locale=English (EN)
2026-05-28 16:33:58,233 INFO o.a.j.JMeter: JMeterHome=/opt/homebrew/Cellar/jmeter/5.6.3/libexec
2026-05-28 16:33:58,233 INFO o.a.j.JMeter: user.dir  =/Users/khushalpatil/Downloads/TDA/EDP
2026-05-28 16:33:58,233 INFO o.a.j.JMeter: PWD       =/Users/khushalpatil/Downloads/TDA/EDP
2026-05-28 16:33:58,235 INFO o.a.j.JMeter: IP: 127.0.0.1 Name: KHUSHALs-Laptop.local FullName: localhost
2026-05-28 16:33:58,241 INFO o.a.j.JMeter: Loaded icon properties from org/apache/jmeter/images/icon.properties
2026-05-28 16:33:58,630 INFO o.a.j.JMeterGuiLauncher: Setting LAF to: com.github.weisj.darklaf.DarkLaf:com.github.weisj.darklaf.theme.DarculaTheme
2026-05-28 16:34:00,030 INFO o.a.j.r.ClassFinder: Will scan jar /opt/homebrew/Cellar/jmeter/5.6.3/libexec/lib/ext/jmeter-plugins-manager-1.9.jar with filter ExtendsClassFilter [parents=[interface org.apache.jmeter.gui.action.Command], inner=false, contains=null, notContains=null]. Consider exposing JMeter plugins via META-INF/services, and add JMeter-Skip-Class-Scanning=true manifest attribute so JMeter can skip classfile scanning
2026-05-28 16:34:00,095 INFO o.a.j.r.ClassFinder: Will scan jar /opt/homebrew/Cellar/jmeter/5.6.3/libexec/lib/ext/jmeter-plugins-manager-1.9.jar with filter ExtendsClassFilter [parents=[interface org.apache.jmeter.gui.plugin.MenuCreator], inner=false, contains=null, notContains=null]. Consider exposing JMeter plugins via META-INF/services, and add JMeter-Skip-Class-Scanning=true manifest attribute so JMeter can skip classfile scanning
2026-05-28 16:34:00,157 INFO o.j.r.JARSourceHTTP: Found cached repo
2026-05-28 16:34:00,247 INFO o.j.r.PluginManager: Plugins Status: [jpgc-plugins-manager=1.9, jmeter-core=5.6.3, jmeter-ftp=5.6.3, jmeter-http=5.6.3, jmeter-jdbc=5.6.3, jmeter-jms=5.6.3, jmeter-junit=5.6.3, jmeter-java=5.6.3, jmeter-ldap=5.6.3, jmeter-mail=5.6.3, jmeter-mongodb=5.6.3, jmeter-native=5.6.3, jmeter-tcp=5.6.3, jmeter-components=5.6.3]
2026-05-28 16:34:00,248 INFO o.j.r.PluginManagerMenuItem: Plugins Manager has upgrades: [jpgc-plugins-manager]
2026-05-28 16:34:01,312 INFO o.a.j.JMeterGuiLauncher: Loading file: performance-test.jmx
2026-05-28 16:34:01,314 INFO o.a.j.s.FileServer: Default base='/Users/khushalpatil/Downloads/TDA/EDP'
2026-05-28 16:34:01,314 INFO o.a.j.s.FileServer: Set new base='/Users/khushalpatil/Downloads/TDA/EDP'
2026-05-28 16:34:01,414 INFO o.a.j.s.SaveService: Testplan (JMX) version: 2.2. Testlog (JTL) version: 2.2
2026-05-28 16:34:01,425 INFO o.a.j.s.SaveService: Using SaveService properties version 5.0
2026-05-28 16:34:01,427 INFO o.a.j.s.SaveService: Using SaveService properties file encoding UTF-8
2026-05-28 16:34:01,427 INFO o.a.j.s.SaveService: Loading file: performance-test.jmx
2026-05-28 16:34:01,467 INFO o.a.j.p.h.s.HTTPSamplerBase: Parser for text/html is org.apache.jmeter.protocol.http.parser.LagartoBasedHtmlParser
2026-05-28 16:34:01,467 INFO o.a.j.p.h.s.HTTPSamplerBase: Parser for application/xhtml+xml is org.apache.jmeter.protocol.http.parser.LagartoBasedHtmlParser
2026-05-28 16:34:01,467 INFO o.a.j.p.h.s.HTTPSamplerBase: Parser for application/xml is org.apache.jmeter.protocol.http.parser.LagartoBasedHtmlParser
2026-05-28 16:34:01,467 INFO o.a.j.p.h.s.HTTPSamplerBase: Parser for text/xml is org.apache.jmeter.protocol.http.parser.LagartoBasedHtmlParser
2026-05-28 16:34:01,467 INFO o.a.j.p.h.s.HTTPSamplerBase: Parser for text/vnd.wap.wml is org.apache.jmeter.protocol.http.parser.RegexpHTMLParser
2026-05-28 16:34:01,467 INFO o.a.j.p.h.s.HTTPSamplerBase: Parser for text/css is org.apache.jmeter.protocol.http.parser.CssParser
2026-05-28 16:34:01,492 INFO o.a.j.s.FileServer: Set new base='/Users/khushalpatil/Downloads/TDA/EDP'
2026-05-28 16:34:01,551 INFO o.a.j.s.SampleResult: Note: Sample TimeStamps are START times
2026-05-28 16:34:01,552 INFO o.a.j.s.SampleResult: sampleresult.default.encoding is set to UTF-8
2026-05-28 16:34:01,552 INFO o.a.j.s.SampleResult: sampleresult.useNanoTime=true
2026-05-28 16:34:01,552 INFO o.a.j.s.SampleResult: sampleresult.nanoThreadSleep=5000
2026-05-28 16:34:01,595 INFO o.a.j.r.ClassFinder: Will scan jar /opt/homebrew/Cellar/jmeter/5.6.3/libexec/lib/ext/jmeter-plugins-manager-1.9.jar with filter ExtendsClassFilter [parents=[interface org.apache.jmeter.visualizers.ResultRenderer], inner=false, contains=null, notContains=null]. Consider exposing JMeter plugins via META-INF/services, and add JMeter-Skip-Class-Scanning=true manifest attribute so JMeter can skip classfile scanning
2026-05-28 16:34:01,604 INFO o.a.j.r.ClassFinder: Will scan jar /opt/homebrew/Cellar/jmeter/5.6.3/libexec/lib/ext/jmeter-plugins-manager-1.9.jar with filter ExtendsClassFilter [parents=[interface org.apache.jmeter.visualizers.RequestView], inner=false, contains=null, notContains=null]. Consider exposing JMeter plugins via META-INF/services, and add JMeter-Skip-Class-Scanning=true manifest attribute so JMeter can skip classfile scanning
2026-05-28 16:34:12,223 INFO o.a.j.e.StandardJMeterEngine: Running the test!
2026-05-28 16:34:12,224 INFO o.a.j.s.SampleEvent: List of sample_variables: []
2026-05-28 16:34:12,224 INFO o.a.j.s.SampleEvent: List of sample_variables: []
2026-05-28 16:34:12,224 INFO o.a.j.e.u.CompoundVariable: Note: Function class names must contain the string: '.functions.'
2026-05-28 16:34:12,224 INFO o.a.j.e.u.CompoundVariable: Note: Function class names must not contain the string: '.gui.'
2026-05-28 16:34:12,250 INFO o.a.j.r.ClassFinder: Will scan jar /opt/homebrew/Cellar/jmeter/5.6.3/libexec/lib/ext/jmeter-plugins-manager-1.9.jar with filter ExtendsClassFilter [parents=[interface org.apache.jmeter.functions.Function], inner=false, contains=null, notContains=null]. Consider exposing JMeter plugins via META-INF/services, and add JMeter-Skip-Class-Scanning=true manifest attribute so JMeter can skip classfile scanning
2026-05-28 16:34:12,254 INFO o.a.j.g.u.JMeterMenuBar: setRunning(true, *local*)
2026-05-28 16:34:12,279 INFO o.a.j.e.StandardJMeterEngine: Starting ThreadGroup: 1 : API Users
2026-05-28 16:34:12,279 INFO o.a.j.e.StandardJMeterEngine: Starting 1000 threads for group API Users.
2026-05-28 16:34:12,280 INFO o.a.j.e.StandardJMeterEngine: Thread will continue on error
2026-05-28 16:34:12,280 INFO o.a.j.t.ThreadGroup: Starting thread group... number=1 threads=1000 ramp-up=10 delayedStart=false
2026-05-28 16:34:12,281 INFO o.a.j.t.JMeterThread: Thread started: API Users 1-1
2026-05-28 16:34:12,286 INFO o.a.j.p.h.s.HTTPHCAbstractImpl: Local host = KHUSHALs-Laptop.local
2026-05-28 16:34:12,290 INFO o.a.j.p.h.s.HTTPHC4Impl: HTTP request retry count = 0
2026-05-28 16:34:12,291 INFO o.a.j.t.JMeterThread: Thread started: API Users 1-2
2026-05-28 16:34:12,301 INFO o.a.j.t.JMeterThread: Thread started: API Users 1-3
2026-05-28 16:34:12,313 INFO o.a.j.t.JMeterThread: Thread started: API Users 1-4
2026-05-28 16:34:12,321 INFO o.a.j.t.JMeterThread: Thread started: API Users 1-5
2026-05-28 16:34:12,335 INFO o.a.j.t.JMeterThread: Thread started: API Users 1-6
2026-05-28 16:34:12,343 INFO o.a.j.t.JMeterThread: Thread started: API Users 1-7
2026-05-28 16:34:12,352 INFO o.a.j.t.JMeterThread: Thread started: API Users 1-8
2026-05-28 16:34:12,366 INFO o.a.j.t.JMeterThread: Thread started: API Users 1-9
2026-05-28 16:34:12,374 INFO o.a.j.t.JMeterThread: Thread started: API Users 1-10
2026-05-28 16:34:12,384 INFO o.a.j.t.JMeterThread: Thread started: API Users 1-11
2026-05-28 16:34:12,391 INFO o.a.j.t.JMeterThread: Thread started: API Users 1-12
2026-05-28 16:34:12,403 INFO o.a.j.t.JMeterThread: Thread started: API Users 1-13
2026-05-28 16:34:12,413 INFO o.a.j.t.JMeterThread: Thread is done: API Users 1-3
2026-05-28 16:34:12,413 INFO o.a.j.t.JMeterThread: Thread finished: API Users 1-3
2026-05-28 16:34:12,413 INFO o.a.j.t.JMeterThread: Thread started: API Users 1-14
2026-05-28 16:34:12,415 INFO o.a.j.t.JMeterThread: Thread is done: API Users 1-2
2026-05-28 16:34:12,415 INFO o.a.j.t.JMeterThread: Thread finished: API Users 1-2
2026-05-28 16:34:12,418 INFO o.a.j.t.JMeterThread: Thread is done: API Users 1-8
2026-05-28 16:34:12,418 INFO o.a.j.t.JMeterThread: Thread finished: API Users 1-8
2026-05-28 16:34:12,420 INFO o.a.j.t.JMeterThread: Thread is done: API Users 1-5
2026-05-28 16:34:12,420 INFO o.a.j.t.JMeterThread: Thread finished: API Users 1-5
2026-05-28 16:34:12,422 INFO o.a.j.t.JMeterThread: Thread is done: API Users 1-1
2026-05-28 16:34:12,423 INFO o.a.j.t.JMeterThread: Thread finished: API Users 1-1
2026-05-28 16:34:12,424 INFO o.a.j.t.JMeterThread: Thread started: API Users 1-15
2026-05-28 16:34:12,431 INFO o.a.j.t.JMeterThread: Thread is done: API Users 1-6
2026-05-28 16:34:12,431 INFO o.a.j.t.JMeterThread: Thread finished: API Users 1-6
2026-05-28 16:34:12,432 INFO o.a.j.t.JMeterThread: Thread is done: API Users 1-7
2026-05-28 16:34:12,432 INFO o.a.j.t.JMeterThread: Thread finished: API Users 1-7
2026-05-28 16:34:12,433 INFO o.a.j.t.JMeterThread: Thread is done: API Users 1-10
2026-05-28 16:34:12,434 INFO o.a.j.t.JMeterThread: Thread finished: API Users 1-10
2026-05-28 16:34:12,434 INFO o.a.j.t.JMeterThread: Thread started: API Users 1-16
2026-05-28 16:34:12,435 INFO o.a.j.t.JMeterThread: Thread is done: API Users 1-4
2026-05-28 16:34:12,435 INFO o.a.j.t.JMeterThread: Thread finished: API Users 1-4
2026-05-28 16:34:12,441 INFO o.a.j.t.JMeterThread: Thread started: API Users 1-17
2026-05-28 16:34:12,449 INFO o.a.j.t.JMeterThread: Thread is done: API Users 1-12
2026-05-28 16:34:12,449 INFO o.a.j.t.JMeterThread: Thread finished: API Users 1-12
2026-05-28 16:34:12,452 INFO o.a.j.t.JMeterThread: Thread is done: API Users 1-9
2026-05-28 16:34:12,452 INFO o.a.j.t.JMeterThread: Thread finished: API Users 1-9
2026-05-28 16:34:12,451 INFO o.a.j.t.JMeterThread: Thread started: API Users 1-18
2026-05-28 16:34:12,459 INFO o.a.j.t.JMeterThread: Thread is done: API Users 1-13
2026-05-28 16:34:12,459 INFO o.a.j.t.JMeterThread: Thread finished: API Users 1-13
2026-05-28 16:34:12,462 INFO o.a.j.t.JMeterThread: Thread started: API Users 1-19
2026-05-28 16:34:12,464 INFO o.a.j.t.JMeterThread: Thread is done: API Users 1-14
2026-05-28 16:34:12,464 INFO o.a.j.t.JMeterThread: Thread finished: API Users 1-14
2026-05-28 16:34:12,464 INFO o.a.j.t.JMeterThread: Thread is done: API Users 1-11
2026-05-28 16:34:12,465 INFO o.a.j.t.JMeterThread: Thread finished: API Users 1-11
2026-05-28 16:34:12,473 INFO o.a.j.t.JMeterThread: Thread is done: API Users 1-15
2026-05-28 16:34:12,473 INFO o.a.j.t.JMeterThread: Thread finished: API Users 1-15
2026-05-28 16:34:12,474 INFO o.a.j.t.JMeterThread: Thread started: API Users 1-20
2026-05-28 16:34:12,481 INFO o.a.j.t.JMeterThread: Thread started: API Users 1-21
2026-05-28 16:34:12,481 INFO o.a.j.t.JMeterThread: Thread is done: API Users 1-16
2026-05-28 16:34:12,481 INFO o.a.j.t.JMeterThread: Thread finished: API Users 1-16
2026-05-28 16:34:12,490 INFO o.a.j.t.JMeterThread: Thread is done: API Users 1-17
2026-05-28 16:34:12,490 INFO o.a.j.t.JMeterThread: Thread finished: API Users 1-17
2026-05-28 16:34:12,492 INFO o.a.j.t.JMeterThread: Thread started: API Users 1-22
2026-05-28 16:34:12,497 INFO o.a.j.t.JMeterThread: Thread is done: API Users 1-18
2026-05-28 16:34:12,497 INFO o.a.j.t.JMeterThread: Thread finished: API Users 1-18
2026-05-28 16:34:12,500 INFO o.a.j.t.JMeterThread: Thread is done: API Users 1-19
2026-05-28 16:34:12,500 INFO o.a.j.t.JMeterThread: Thread finished: API Users 1-19
2026-05-28 16:34:12,503 INFO o.a.j.t.JMeterThread: Thread started: API Users 1-23
2026-05-28 16:34:12,511 INFO o.a.j.t.JMeterThread: Thread started: API Users 1-24
2026-05-28 16:34:12,512 INFO o.a.j.t.JMeterThread: Thread is done: API Users 1-20
2026-05-28 16:34:12,512 INFO o.a.j.t.JMeterThread: Thread finished: API Users 1-20
2026-05-28 16:34:12,518 INFO o.a.j.t.JMeterThread: Thread is done: API Users 1-21
2026-05-28 16:34:12,518 INFO o.a.j.t.JMeterThread: Thread finished: API Users 1-21
2026-05-28 16:34:12,523 INFO o.a.j.t.JMeterThread: Thread started: API Users 1-25
2026-05-28 16:34:12,527 INFO o.a.j.t.JMeterThread: Thread is done: API Users 1-22
2026-05-28 16:34:12,527 INFO o.a.j.t.JMeterThread: Thread finished: API Users 1-22
2026-05-28 16:34:12,530 INFO o.a.j.t.ThreadGroup: Started thread group number 1
2026-05-28 16:34:12,530 INFO o.a.j.e.StandardJMeterEngine: All thread groups have been started
2026-05-28 16:34:12,532 INFO o.a.j.t.JMeterThread: Thread started: API Users 1-26
2026-05-28 16:34:12,534 INFO o.a.j.t.JMeterThread: Thread is done: API Users 1-23
2026-05-28 16:34:12,534 INFO o.a.j.t.JMeterThread: Thread finished: API Users 1-23
2026-05-28 16:34:12,539 INFO o.a.j.t.JMeterThread: Thread is done: API Users 1-24
2026-05-28 16:34:12,539 INFO o.a.j.t.JMeterThread: Thread finished: API Users 1-24
2026-05-28 16:34:12,544 INFO o.a.j.t.JMeterThread: Thread started: API Users 1-27
2026-05-28 16:34:12,548 INFO o.a.j.t.JMeterThread: Thread is done: API Users 1-25
2026-05-28 16:34:12,548 INFO o.a.j.t.JMeterThread: Thread finished: API Users 1-25
2026-05-28 16:34:12,550 INFO o.a.j.t.JMeterThread: Thread started: API Users 1-28
2026-05-28 16:34:12,558 INFO o.a.j.t.JMeterThread: Thread is done: API Users 1-26
2026-05-28 16:34:12,558 INFO o.a.j.t.JMeterThread: Thread finished: API Users 1-26
2026-05-28 16:34:12,560 INFO o.a.j.t.JMeterThread: Thread started: API Users 1-29
2026-05-28 16:34:12,570 INFO o.a.j.t.JMeterThread: Thread started: API Users 1-30
2026-05-28 16:34:12,571 INFO o.a.j.t.JMeterThread: Thread is done: API Users 1-27
2026-05-28 16:34:12,571 INFO o.a.j.t.JMeterThread: Thread finished: API Users 1-27
2026-05-28 16:34:12,576 INFO o.a.j.t.JMeterThread: Thread is done: API Users 1-28
2026-05-28 16:34:12,576 INFO o.a.j.t.JMeterThread: Thread finished: API Users 1-28
2026-05-28 16:34:12,581 INFO o.a.j.t.JMeterThread: Thread started: API Users 1-31
2026-05-28 16:34:12,585 INFO o.a.j.t.JMeterThread: Thread is done: API Users 1-29
2026-05-28 16:34:12,585 INFO o.a.j.t.JMeterThread: Thread finished: API Users 1-29
2026-05-28 16:34:12,591 INFO o.a.j.t.JMeterThread: Thread started: API Users 1-32
2026-05-28 16:34:12,594 INFO o.a.j.t.JMeterThread: Thread is done: API Users 1-30
2026-05-28 16:34:12,594 INFO o.a.j.t.JMeterThread: Thread finished: API Users 1-30
2026-05-28 16:34:12,601 INFO o.a.j.t.JMeterThread: Thread started: API Users 1-33
2026-05-28 16:34:12,604 INFO o.a.j.t.JMeterThread: Thread is done: API Users 1-31
2026-05-28 16:34:12,604 INFO o.a.j.t.JMeterThread: Thread finished: API Users 1-31
2026-05-28 16:34:12,616 INFO o.a.j.t.JMeterThread: Thread started: API Users 1-34
2026-05-28 16:34:12,619 INFO o.a.j.t.JMeterThread: Thread is done: API Users 1-32
2026-05-28 16:34:12,619 INFO o.a.j.t.JMeterThread: Thread finished: API Users 1-32
2026-05-28 16:34:12,624 INFO o.a.j.t.JMeterThread: Thread started: API Users 1-35
2026-05-28 16:34:12,628 INFO o.a.j.t.JMeterThread: Thread is done: API Users 1-33
2026-05-28 16:34:12,628 INFO o.a.j.t.JMeterThread: Thread finished: API Users 1-33
2026-05-28 16:34:12,632 INFO o.a.j.t.JMeterThread: Thread started: API Users 1-36
2026-05-28 16:34:12,639 INFO o.a.j.t.JMeterThread: Thread is done: API Users 1-34
2026-05-28 16:34:12,639 INFO o.a.j.t.JMeterThread: Thread finished: API Users 1-34
2026-05-28 16:34:12,644 INFO o.a.j.t.JMeterThread: Thread started: API Users 1-37
2026-05-28 16:34:12,653 INFO o.a.j.t.JMeterThread: Thread started: API Users 1-38
2026-05-28 16:34:12,654 INFO o.a.j.t.JMeterThread: Thread is done: API Users 1-35
2026-05-28 16:34:12,654 INFO o.a.j.t.JMeterThread: Thread finished: API Users 1-35
2026-05-28 16:34:12,661 INFO o.a.j.t.JMeterThread: Thread started: API Users 1-39
2026-05-28 16:34:12,665 INFO o.a.j.t.JMeterThread: Thread is done: API Users 1-36
2026-05-28 16:34:12,665 INFO o.a.j.t.JMeterThread: Thread finished: API Users 1-36
2026-05-28 16:34:12,673 INFO o.a.j.t.JMeterThread: Thread started: API Users 1-40
2026-05-28 16:34:12,679 INFO o.a.j.t.JMeterThread: Thread is done: API Users 1-37
2026-05-28 16:34:12,679 INFO o.a.j.t.JMeterThread: Thread finished: API Users 1-37
2026-05-28 16:34:12,682 INFO o.a.j.t.JMeterThread: Thread is done: API Users 1-38
2026-05-28 16:34:12,682 INFO o.a.j.t.JMeterThread: Thread finished: API Users 1-38
2026-05-28 16:34:12,685 INFO o.a.j.t.JMeterThread: Thread started: API Users 1-41
2026-05-28 16:34:12,695 INFO o.a.j.t.JMeterThread: Thread started: API Users 1-42
2026-05-28 16:34:12,701 INFO o.a.j.t.JMeterThread: Thread started: API Users 1-43
2026-05-28 16:34:12,702 INFO o.a.j.t.JMeterThread: Thread is done: API Users 1-39
2026-05-28 16:34:12,702 INFO o.a.j.t.JMeterThread: Thread finished: API Users 1-39
2026-05-28 16:34:12,714 INFO o.a.j.t.JMeterThread: Thread is done: API Users 1-40
2026-05-28 16:34:12,714 INFO o.a.j.t.JMeterThread: Thread finished: API Users 1-40
2026-05-28 16:34:12,715 INFO o.a.j.t.JMeterThread: Thread started: API Users 1-44
2026-05-28 16:34:12,723 INFO o.a.j.t.JMeterThread: Thread started: API Users 1-45
2026-05-28 16:34:12,726 INFO o.a.j.t.JMeterThread: Thread is done: API Users 1-41
2026-05-28 16:34:12,726 INFO o.a.j.t.JMeterThread: Thread finished: API Users 1-41
2026-05-28 16:34:12,729 INFO o.a.j.t.JMeterThread: Thread is done: API Users 1-42
2026-05-28 16:34:12,729 INFO o.a.j.t.JMeterThread: Thread finished: API Users 1-42
2026-05-28 16:34:12,732 INFO o.a.j.t.JMeterThread: Thread is done: API Users 1-43
2026-05-28 16:34:12,732 INFO o.a.j.t.JMeterThread: Thread finished: API Users 1-43
2026-05-28 16:34:12,733 INFO o.a.j.t.JMeterThread: Thread started: API Users 1-46
2026-05-28 16:34:12,741 INFO o.a.j.t.JMeterThread: Thread started: API Users 1-47
2026-05-28 16:34:12,748 INFO o.a.j.t.JMeterThread: Thread is done: API Users 1-44
2026-05-28 16:34:12,748 INFO o.a.j.t.JMeterThread: Thread finished: API Users 1-44
2026-05-28 16:34:12,753 INFO o.a.j.t.JMeterThread: Thread started: API Users 1-48
2026-05-28 16:34:12,754 INFO o.a.j.t.JMeterThread: Thread is done: API Users 1-45
2026-05-28 16:34:12,755 INFO o.a.j.t.JMeterThread: Thread finished: API Users 1-45
2026-05-28 16:34:12,762 INFO o.a.j.t.JMeterThread: Thread is done: API Users 1-46
2026-05-28 16:34:12,762 INFO o.a.j.t.JMeterThread: Thread finished: API Users 1-46
2026-05-28 16:34:12,764 INFO o.a.j.t.JMeterThread: Thread started: API Users 1-49
2026-05-28 16:34:12,766 INFO o.a.j.t.JMeterThread: Thread is done: API Users 1-47
2026-05-28 16:34:12,766 INFO o.a.j.t.JMeterThread: Thread finished: API Users 1-47
2026-05-28 16:34:12,770 INFO o.a.j.t.JMeterThread: Thread started: API Users 1-50
2026-05-28 16:34:12,776 INFO o.a.j.t.JMeterThread: Thread is done: API Users 1-48
2026-05-28 16:34:12,776 INFO o.a.j.t.JMeterThread: Thread finished: API Users 1-48
2026-05-28 16:34:12,781 INFO o.a.j.t.JMeterThread: Thread started: API Users 1-51
2026-05-28 16:34:12,793 INFO o.a.j.t.JMeterThread: Thread is done: API Users 1-49
2026-05-28 16:34:12,793 INFO o.a.j.t.JMeterThread: Thread finished: API Users 1-49
2026-05-28 16:34:12,795 INFO o.a.j.t.JMeterThread: Thread started: API Users 1-52
2026-05-28 16:34:12,796 INFO o.a.j.t.JMeterThread: Thread is done: API Users 1-50
2026-05-28 16:34:12,796 INFO o.a.j.t.JMeterThread: Thread finished: API Users 1-50
2026-05-28 16:34:12,801 INFO o.a.j.t.JMeterThread: Thread started: API Users 1-53
2026-05-28 16:34:12,805 INFO o.a.j.t.JMeterThread: Thread is done: API Users 1-51
2026-05-28 16:34:12,805 INFO o.a.j.t.JMeterThread: Thread finished: API Users 1-51
2026-05-28 16:34:12,815 INFO o.a.j.t.JMeterThread: Thread started: API Users 1-54
2026-05-28 16:34:12,820 INFO o.a.j.t.JMeterThread: Thread is done: API Users 1-52
2026-05-28 16:34:12,820 INFO o.a.j.t.JMeterThread: Thread finished: API Users 1-52
2026-05-28 16:34:12,824 INFO o.a.j.t.JMeterThread: Thread is done: API Users 1-53
2026-05-28 16:34:12,824 INFO o.a.j.t.JMeterThread: Thread finished: API Users 1-53
2026-05-28 16:34:12,824 INFO o.a.j.t.JMeterThread: Thread started: API Users 1-55
2026-05-28 16:34:12,834 INFO o.a.j.t.JMeterThread: Thread started: API Users 1-56
2026-05-28 16:34:12,842 INFO o.a.j.t.JMeterThread: Thread is done: API Users 1-54
2026-05-28 16:34:12,842 INFO o.a.j.t.JMeterThread: Thread finished: API Users 1-54
2026-05-28 16:34:12,843 INFO o.a.j.t.JMeterThread: Thread started: API Users 1-57
2026-05-28 16:34:12,852 INFO o.a.j.t.JMeterThread: Thread is done: API Users 1-55
2026-05-28 16:34:12,853 INFO o.a.j.t.JMeterThread: Thread finished: API Users 1-55
2026-05-28 16:34:12,853 INFO o.a.j.t.JMeterThread: Thread started: API Users 1-58
2026-05-28 16:34:12,859 INFO o.a.j.t.JMeterThread: Thread is done: API Users 1-56
2026-05-28 16:34:12,860 INFO o.a.j.t.JMeterThread: Thread finished: API Users 1-56
2026-05-28 16:34:12,861 INFO o.a.j.t.JMeterThread: Thread started: API Users 1-59
2026-05-28 16:34:12,866 INFO o.a.j.t.JMeterThread: Thread is done: API Users 1-57
2026-05-28 16:34:12,866 INFO o.a.j.t.JMeterThread: Thread finished: API Users 1-57
2026-05-28 16:34:12,872 INFO o.a.j.t.JMeterThread: Thread started: API Users 1-60
2026-05-28 16:34:12,876 INFO o.a.j.t.JMeterThread: Thread is done: API Users 1-58
2026-05-28 16:34:12,876 INFO o.a.j.t.JMeterThread: Thread finished: API Users 1-58
2026-05-28 16:34:12,882 INFO o.a.j.t.JMeterThread: Thread is done: API Users 1-59
2026-05-28 16:34:12,882 INFO o.a.j.t.JMeterThread: Thread finished: API Users 1-59
2026-05-28 16:34:12,886 INFO o.a.j.t.JMeterThread: Thread started: API Users 1-61
2026-05-28 16:34:12,892 INFO o.a.j.t.JMeterThread: Thread started: API Users 1-62
2026-05-28 16:34:12,901 INFO o.a.j.t.JMeterThread: Thread started: API Users 1-63
2026-05-28 16:34:12,901 INFO o.a.j.t.JMeterThread: Thread is done: API Users 1-60
2026-05-28 16:34:12,901 INFO o.a.j.t.JMeterThread: Thread finished: API Users 1-60
2026-05-28 16:34:12,916 INFO o.a.j.t.JMeterThread: Thread started: API Users 1-64
2026-05-28 16:34:12,925 INFO o.a.j.t.JMeterThread: Thread started: API Users 1-65
2026-05-28 16:34:12,932 INFO o.a.j.t.JMeterThread: Thread started: API Users 1-66
2026-05-28 16:34:12,941 INFO o.a.j.t.JMeterThread: Thread is done: API Users 1-61
2026-05-28 16:34:12,941 INFO o.a.j.t.JMeterThread: Thread finished: API Users 1-61
2026-05-28 16:34:12,941 INFO o.a.j.t.JMeterThread: Thread started: API Users 1-67
2026-05-28 16:34:12,950 INFO o.a.j.t.JMeterThread: Thread is done: API Users 1-62
2026-05-28 16:34:12,950 INFO o.a.j.t.JMeterThread: Thread finished: API Users 1-62
2026-05-28 16:34:12,953 INFO o.a.j.t.JMeterThread: Thread started: API Users 1-68
2026-05-28 16:34:12,958 INFO o.a.j.t.JMeterThread: Thread is done: API Users 1-63
2026-05-28 16:34:12,958 INFO o.a.j.t.JMeterThread: Thread finished: API Users 1-63
2026-05-28 16:34:12,962 INFO o.a.j.t.JMeterThread: Thread started: API Users 1-69
2026-05-28 16:34:12,970 INFO o.a.j.t.JMeterThread: Thread is done: API Users 1-64
2026-05-28 16:34:12,970 INFO o.a.j.t.JMeterThread: Thread finished: API Users 1-64
2026-05-28 16:34:12,971 INFO o.a.j.t.JMeterThread: Thread is done: API Users 1-65
2026-05-28 16:34:12,971 INFO o.a.j.t.JMeterThread: Thread finished: API Users 1-65
2026-05-28 16:34:12,974 INFO o.a.j.t.JMeterThread: Thread started: API Users 1-70
2026-05-28 16:34:12,978 INFO o.a.j.t.JMeterThread: Thread is done: API Users 1-66
2026-05-28 16:34:12,978 INFO o.a.j.t.JMeterThread: Thread finished: API Users 1-66
2026-05-28 16:34:12,982 INFO o.a.j.t.JMeterThread: Thread is done: API Users 1-67
2026-05-28 16:34:12,982 INFO o.a.j.t.JMeterThread: Thread finished: API Users 1-67
2026-05-28 16:34:12,982 INFO o.a.j.t.JMeterThread: Thread started: API Users 1-71
2026-05-28 16:34:12,990 INFO o.a.j.t.JMeterThread: Thread is done: API Users 1-68
2026-05-28 16:34:12,991 INFO o.a.j.t.JMeterThread: Thread finished: API Users 1-68
2026-05-28 16:34:12,992 INFO o.a.j.t.JMeterThread: Thread is done: API Users 1-69
2026-05-28 16:34:12,992 INFO o.a.j.t.JMeterThread: Thread finished: API Users 1-69
2026-05-28 16:34:12,992 INFO o.a.j.t.JMeterThread: Thread started: API Users 1-72
2026-05-28 16:34:13,002 INFO o.a.j.t.JMeterThread: Thread is done: API Users 1-70
2026-05-28 16:34:13,002 INFO o.a.j.t.JMeterThread: Thread finished: API Users 1-70
2026-05-28 16:34:13,004 INFO o.a.j.t.JMeterThread: Thread started: API Users 1-73
2026-05-28 16:34:13,007 INFO o.a.j.t.JMeterThread: Thread is done: API Users 1-71
2026-05-28 16:34:13,008 INFO o.a.j.t.JMeterThread: Thread finished: API Users 1-71
2026-05-28 16:34:13,015 INFO o.a.j.t.JMeterThread: Thread is done: API Users 1-72
2026-05-28 16:34:13,015 INFO o.a.j.t.JMeterThread: Thread finished: API Users 1-72
2026-05-28 16:34:13,015 INFO o.a.j.t.JMeterThread: Thread started: API Users 1-74
2026-05-28 16:34:13,023 INFO o.a.j.t.JMeterThread: Thread started: API Users 1-75
2026-05-28 16:34:13,025 INFO o.a.j.t.JMeterThread: Thread is done: API Users 1-73
2026-05-28 16:34:13,025 INFO o.a.j.t.JMeterThread: Thread finished: API Users 1-73
2026-05-28 16:34:13,032 INFO o.a.j.t.JMeterThread: Thread started: API Users 1-76
2026-05-28 16:34:13,035 INFO o.a.j.t.JMeterThread: Thread is done: API Users 1-74
2026-05-28 16:34:13,035 INFO o.a.j.t.JMeterThread: Thread finished: API Users 1-74
2026-05-28 16:34:13,041 INFO o.a.j.t.JMeterThread: Thread is done: API Users 1-75
2026-05-28 16:34:13,041 INFO o.a.j.t.JMeterThread: Thread finished: API Users 1-75
2026-05-28 16:34:13,043 INFO o.a.j.t.JMeterThread: Thread started: API Users 1-77
2026-05-28 16:34:13,051 INFO o.a.j.t.JMeterThread: Thread started: API Users 1-78
2026-05-28 16:34:13,053 INFO o.a.j.t.JMeterThread: Thread is done: API Users 1-76
2026-05-28 16:34:13,053 INFO o.a.j.t.JMeterThread: Thread finished: API Users 1-76
2026-05-28 16:34:13,060 INFO o.a.j.t.JMeterThread: Thread started: API Users 1-79
2026-05-28 16:34:13,065 INFO o.a.j.t.JMeterThread: Thread is done: API Users 1-77
2026-05-28 16:34:13,065 INFO o.a.j.t.JMeterThread: Thread finished: API Users 1-77
2026-05-28 16:34:13,074 INFO o.a.j.t.JMeterThread: Thread started: API Users 1-80
2026-05-28 16:34:13,074 INFO o.a.j.t.JMeterThread: Thread is done: API Users 1-78
2026-05-28 16:34:13,074 INFO o.a.j.t.JMeterThread: Thread finished: API Users 1-78
2026-05-28 16:34:13,081 INFO o.a.j.t.JMeterThread: Thread is done: API Users 1-79
2026-05-28 16:34:13,081 INFO o.a.j.t.JMeterThread: Thread finished: API Users 1-79
2026-05-28 16:34:13,082 INFO o.a.j.t.JMeterThread: Thread started: API Users 1-81
2026-05-28 16:34:13,091 INFO o.a.j.t.JMeterThread: Thread started: API Users 1-82
2026-05-28 16:34:13,097 INFO o.a.j.t.JMeterThread: Thread is done: API Users 1-80
2026-05-28 16:34:13,097 INFO o.a.j.t.JMeterThread: Thread finished: API Users 1-80
2026-05-28 16:34:13,101 INFO o.a.j.t.JMeterThread: Thread started: API Users 1-83
2026-05-28 16:34:13,106 INFO o.a.j.t.JMeterThread: Thread is done: API Users 1-81
2026-05-28 16:34:13,107 INFO o.a.j.t.JMeterThread: Thread finished: API Users 1-81
2026-05-28 16:34:13,113 INFO o.a.j.t.JMeterThread: Thread is done: API Users 1-82
2026-05-28 16:34:13,113 INFO o.a.j.t.JMeterThread: Thread started: API Users 1-84
2026-05-28 16:34:13,113 INFO o.a.j.t.JMeterThread: Thread finished: API Users 1-82
2026-05-28 16:34:13,121 INFO o.a.j.t.JMeterThread: Thread started: API Users 1-85
2026-05-28 16:34:13,122 INFO o.a.j.t.JMeterThread: Thread is done: API Users 1-83
2026-05-28 16:34:13,122 INFO o.a.j.t.JMeterThread: Thread finished: API Users 1-83
2026-05-28 16:34:13,133 INFO o.a.j.t.JMeterThread: Thread is done: API Users 1-84
2026-05-28 16:34:13,133 INFO o.a.j.t.JMeterThread: Thread finished: API Users 1-84
2026-05-28 16:34:13,135 INFO o.a.j.t.JMeterThread: Thread started: API Users 1-86
2026-05-28 16:34:13,145 INFO o.a.j.t.JMeterThread: Thread started: API Users 1-87
2026-05-28 16:34:13,146 INFO o.a.j.t.JMeterThread: Thread is done: API Users 1-85
2026-05-28 16:34:13,146 INFO o.a.j.t.JMeterThread: Thread finished: API Users 1-85
2026-05-28 16:34:13,155 INFO o.a.j.t.JMeterThread: Thread started: API Users 1-88
2026-05-28 16:34:13,164 INFO o.a.j.t.JMeterThread: Thread is done: API Users 1-86
2026-05-28 16:34:13,164 INFO o.a.j.t.JMeterThread: Thread finished: API Users 1-86
2026-05-28 16:34:13,165 INFO o.a.j.t.JMeterThread: Thread started: API Users 1-89
2026-05-28 16:34:13,171 INFO o.a.j.t.JMeterThread: Thread is done: API Users 1-87
2026-05-28 16:34:13,171 INFO o.a.j.t.JMeterThread: Thread finished: API Users 1-87
2026-05-28 16:34:13,172 INFO o.a.j.t.JMeterThread: Thread started: API Users 1-90
2026-05-28 16:34:13,180 INFO o.a.j.t.JMeterThread: Thread is done: API Users 1-88
2026-05-28 16:34:13,180 INFO o.a.j.t.JMeterThread: Thread finished: API Users 1-88
2026-05-28 16:34:13,181 INFO o.a.j.t.JMeterThread: Thread started: API Users 1-91
2026-05-28 16:34:13,191 INFO o.a.j.t.JMeterThread: Thread started: API Users 1-92
2026-05-28 16:34:13,192 INFO o.a.j.t.JMeterThread: Thread is done: API Users 1-89
2026-05-28 16:34:13,192 INFO o.a.j.t.JMeterThread: Thread finished: API Users 1-89
2026-05-28 16:34:13,195 INFO o.a.j.t.JMeterThread: Thread is done: API Users 1-90
2026-05-28 16:34:13,195 INFO o.a.j.t.JMeterThread: Thread finished: API Users 1-90
2026-05-28 16:34:13,205 INFO o.a.j.t.JMeterThread: Thread started: API Users 1-93
2026-05-28 16:34:13,213 INFO o.a.j.t.JMeterThread: Thread started: API Users 1-94
2026-05-28 16:34:13,220 INFO o.a.j.t.JMeterThread: Thread is done: API Users 1-91
2026-05-28 16:34:13,220 INFO o.a.j.t.JMeterThread: Thread finished: API Users 1-91
2026-05-28 16:34:13,223 INFO o.a.j.t.JMeterThread: Thread started: API Users 1-95
2026-05-28 16:34:13,232 INFO o.a.j.t.JMeterThread: Thread is done: API Users 1-92
2026-05-28 16:34:13,232 INFO o.a.j.t.JMeterThread: Thread finished: API Users 1-92
2026-05-28 16:34:13,234 INFO o.a.j.t.JMeterThread: Thread started: API Users 1-96
2026-05-28 16:34:13,237 INFO o.a.j.t.JMeterThread: Thread is done: API Users 1-93
2026-05-28 16:34:13,237 INFO o.a.j.t.JMeterThread: Thread finished: API Users 1-93
2026-05-28 16:34:13,238 INFO o.a.j.t.JMeterThread: Thread is done: API Users 1-94
2026-05-28 16:34:13,238 INFO o.a.j.t.JMeterThread: Thread finished: API Users 1-94
2026-05-28 16:34:13,243 INFO o.a.j.t.JMeterThread: Thread started: API Users 1-97
2026-05-28 16:34:13,246 INFO o.a.j.t.JMeterThread: Thread is done: API Users 1-95
2026-05-28 16:34:13,246 INFO o.a.j.t.JMeterThread: Thread finished: API Users 1-95
2026-05-28 16:34:13,251 INFO o.a.j.t.JMeterThread: Thread started: API Users 1-98
2026-05-28 16:34:13,257 INFO o.a.j.t.JMeterThread: Thread is done: API Users 1-96
2026-05-28 16:34:13,257 INFO o.a.j.t.JMeterThread: Thread finished: API Users 1-96
2026-05-28 16:34:13,265 INFO o.a.j.t.JMeterThread: Thread started: API Users 1-99
2026-05-28 16:34:13,266 INFO o.a.j.t.JMeterThread: Thread is done: API Users 1-97
2026-05-28 16:34:13,266 INFO o.a.j.t.JMeterThread: Thread finished: API Users 1-97
2026-05-28 16:34:13,275 INFO o.a.j.t.JMeterThread: Thread started: API Users 1-100
2026-05-28 16:34:13,276 INFO o.a.j.t.JMeterThread: Thread is done: API Users 1-98
2026-05-28 16:34:13,276 INFO o.a.j.t.JMeterThread: Thread finished: API Users 1-98
2026-05-28 16:34:13,286 INFO o.a.j.t.JMeterThread: Thread started: API Users 1-101
2026-05-28 16:34:13,287 INFO o.a.j.t.JMeterThread: Thread is done: API Users 1-99
2026-05-28 16:34:13,288 INFO o.a.j.t.JMeterThread: Thread finished: API Users 1-99
2026-05-28 16:34:13,292 INFO o.a.j.t.JMeterThread: Thread started: API Users 1-102
2026-05-28 16:34:13,294 INFO o.a.j.t.JMeterThread: Thread is done: API Users 1-100
2026-05-28 16:34:13,294 INFO o.a.j.t.JMeterThread: Thread finished: API Users 1-100
2026-05-28 16:34:13,301 INFO o.a.j.t.JMeterThread: Thread started: API Users 1-103
2026-05-28 16:34:13,306 INFO o.a.j.t.JMeterThread: Thread is done: API Users 1-101
2026-05-28 16:34:13,306 INFO o.a.j.t.JMeterThread: Thread finished: API Users 1-101
2026-05-28 16:34:13,313 INFO o.a.j.t.JMeterThread: Thread started: API Users 1-104
2026-05-28 16:34:13,316 INFO o.a.j.t.JMeterThread: Thread is done: API Users 1-102
2026-05-28 16:34:13,316 INFO o.a.j.t.JMeterThread: Thread finished: API Users 1-102
2026-05-28 16:34:13,323 INFO o.a.j.t.JMeterThread: Thread started: API Users 1-105
2026-05-28 16:34:13,330 INFO o.a.j.t.JMeterThread: Thread is done: API Users 1-103
2026-05-28 16:34:13,330 INFO o.a.j.t.JMeterThread: Thread finished: API Users 1-103
2026-05-28 16:34:13,331 INFO o.a.j.t.JMeterThread: Thread started: API Users 1-106
2026-05-28 16:34:13,341 INFO o.a.j.t.JMeterThread: Thread started: API Users 1-107
2026-05-28 16:34:13,347 INFO o.a.j.t.JMeterThread: Thread is done: API Users 1-104
2026-05-28 16:34:13,347 INFO o.a.j.t.JMeterThread: Thread finished: API Users 1-104
2026-05-28 16:34:13,351 INFO o.a.j.t.JMeterThread: Thread started: API Users 1-108
2026-05-28 16:34:13,359 INFO o.a.j.t.JMeterThread: Thread is done: API Users 1-105
2026-05-28 16:34:13,359 INFO o.a.j.t.JMeterThread: Thread finished: API Users 1-105
2026-05-28 16:34:13,361 INFO o.a.j.t.JMeterThread: Thread started: API Users 1-109
2026-05-28 16:34:13,371 INFO o.a.j.t.JMeterThread: Thread is done: API Users 1-106
2026-05-28 16:34:13,371 INFO o.a.j.t.JMeterThread: Thread finished: API Users 1-106
2026-05-28 16:34:13,374 INFO o.a.j.t.JMeterThread: Thread started: API Users 1-110
2026-05-28 16:34:13,380 INFO o.a.j.t.JMeterThread: Thread is done: API Users 1-107
2026-05-28 16:34:13,380 INFO o.a.j.t.JMeterThread: Thread finished: API Users 1-107
2026-05-28 16:34:13,385 INFO o.a.j.t.JMeterThread: Thread started: API Users 1-111
2026-05-28 16:34:13,386 INFO o.a.j.t.JMeterThread: Thread is done: API Users 1-108
2026-05-28 16:34:13,386 INFO o.a.j.t.JMeterThread: Thread finished: API Users 1-108
2026-05-28 16:34:13,393 INFO o.a.j.t.JMeterThread: Thread started: API Users 1-112
2026-05-28 16:34:13,395 INFO o.a.j.t.JMeterThread: Thread is done: API Users 1-109
2026-05-28 16:34:13,395 INFO o.a.j.t.JMeterThread: Thread finished: API Users 1-109
2026-05-28 16:34:13,400 INFO o.a.j.t.JMeterThread: Thread started: API Users 1-113
2026-05-28 16:34:13,400 INFO o.a.j.t.JMeterThread: Thread is done: API Users 1-110
2026-05-28 16:34:13,400 INFO o.a.j.t.JMeterThread: Thread finished: API Users 1-110
2026-05-28 16:34:13,408 INFO o.a.j.t.JMeterThread: Thread is done: API Users 1-111
2026-05-28 16:34:13,408 INFO o.a.j.t.JMeterThread: Thread finished: API Users 1-111
2026-05-28 16:34:13,413 INFO o.a.j.t.JMeterThread: Thread is done: API Users 1-112
2026-05-28 16:34:13,413 INFO o.a.j.t.JMeterThread: Thread finished: API Users 1-112
2026-05-28 16:34:13,415 INFO o.a.j.t.JMeterThread: Thread started: API Users 1-114
2026-05-28 16:34:13,424 INFO o.a.j.t.JMeterThread: Thread is done: API Users 1-113
2026-05-28 16:34:13,424 INFO o.a.j.t.JMeterThread: Thread finished: API Users 1-113
2026-05-28 16:34:13,426 INFO o.a.j.t.JMeterThread: Thread started: API Users 1-115
2026-05-28 16:34:13,433 INFO o.a.j.t.JMeterThread: Thread started: API Users 1-116
2026-05-28 16:34:13,441 INFO o.a.j.t.JMeterThread: Thread started: API Users 1-117
2026-05-28 16:34:13,445 INFO o.a.j.t.JMeterThread: Thread is done: API Users 1-114
2026-05-28 16:34:13,445 INFO o.a.j.t.JMeterThread: Thread finished: API Users 1-114
2026-05-28 16:34:13,453 INFO o.a.j.t.JMeterThread: Thread started: API Users 1-118
2026-05-28 16:34:13,459 INFO o.a.j.t.JMeterThread: Thread is done: API Users 1-115
2026-05-28 16:34:13,459 INFO o.a.j.t.JMeterThread: Thread finished: API Users 1-115
2026-05-28 16:34:13,463 INFO o.a.j.t.JMeterThread: Thread started: API Users 1-119
2026-05-28 16:34:13,471 INFO o.a.j.t.JMeterThread: Thread started: API Users 1-120
2026-05-28 16:34:13,473 INFO o.a.j.t.JMeterThread: Thread is done: API Users 1-116
2026-05-28 16:34:13,474 INFO o.a.j.t.JMeterThread: Thread finished: API Users 1-116
2026-05-28 16:34:13,485 INFO o.a.j.t.JMeterThread: Thread started: API Users 1-121
2026-05-28 16:34:13,492 INFO o.a.j.t.JMeterThread: Thread started: API Users 1-122
2026-05-28 16:34:13,494 INFO o.a.j.t.JMeterThread: Thread is done: API Users 1-117
2026-05-28 16:34:13,494 INFO o.a.j.t.JMeterThread: Thread finished: API Users 1-117
2026-05-28 16:34:13,502 INFO o.a.j.t.JMeterThread: Thread started: API Users 1-123
2026-05-28 16:34:13,507 INFO o.a.j.t.JMeterThread: Thread is done: API Users 1-118
2026-05-28 16:34:13,508 INFO o.a.j.t.JMeterThread: Thread finished: API Users 1-118
2026-05-28 16:34:13,515 INFO o.a.j.t.JMeterThread: Thread started: API Users 1-124
2026-05-28 16:34:13,520 INFO o.a.j.t.JMeterThread: Thread is done: API Users 1-119
2026-05-28 16:34:13,521 INFO o.a.j.t.JMeterThread: Thread finished: API Users 1-119
2026-05-28 16:34:13,524 INFO o.a.j.t.JMeterThread: Thread started: API Users 1-125
2026-05-28 16:34:13,526 INFO o.a.j.t.JMeterThread: Thread is done: API Users 1-120
2026-05-28 16:34:13,526 INFO o.a.j.t.JMeterThread: Thread finished: API Users 1-120
2026-05-28 16:34:13,532 INFO o.a.j.t.JMeterThread: Thread started: API Users 1-126
2026-05-28 16:34:13,541 INFO o.a.j.t.JMeterThread: Thread is done: API Users 1-121
2026-05-28 16:34:13,541 INFO o.a.j.t.JMeterThread: Thread finished: API Users 1-121
2026-05-28 16:34:13,545 INFO o.a.j.t.JMeterThread: Thread is done: API Users 1-122
2026-05-28 16:34:13,545 INFO o.a.j.t.JMeterThread: Thread finished: API Users 1-122
2026-05-28 16:34:13,547 INFO o.a.j.t.JMeterThread: Thread started: API Users 1-127
2026-05-28 16:34:13,551 INFO o.a.j.t.JMeterThread: Thread started: API Users 1-128
2026-05-28 16:34:13,560 INFO o.a.j.t.JMeterThread: Thread is done: API Users 1-123
2026-05-28 16:34:13,560 INFO o.a.j.t.JMeterThread: Thread finished: API Users 1-123
2026-05-28 16:34:13,562 INFO o.a.j.t.JMeterThread: Thread is done: API Users 1-124
2026-05-28 16:34:13,563 INFO o.a.j.t.JMeterThread: Thread finished: API Users 1-124
2026-05-28 16:34:13,565 INFO o.a.j.t.JMeterThread: Thread started: API Users 1-129
2026-05-28 16:34:13,571 INFO o.a.j.t.JMeterThread: Thread is done: API Users 1-125
2026-05-28 16:34:13,572 INFO o.a.j.t.JMeterThread: Thread finished: API Users 1-125
2026-05-28 16:34:13,576 INFO o.a.j.t.JMeterThread: Thread started: API Users 1-130
2026-05-28 16:34:13,580 INFO o.a.j.t.JMeterThread: Thread started: API Users 1-131
2026-05-28 16:34:13,586 INFO o.a.j.t.JMeterThread: Thread is done: API Users 1-126
2026-05-28 16:34:13,586 INFO o.a.j.t.JMeterThread: Thread finished: API Users 1-126
2026-05-28 16:34:13,590 INFO o.a.j.t.JMeterThread: Thread started: API Users 1-132
2026-05-28 16:34:13,591 INFO o.a.j.t.JMeterThread: Thread is done: API Users 1-128
2026-05-28 16:34:13,591 INFO o.a.j.t.JMeterThread: Thread finished: API Users 1-128
2026-05-28 16:34:13,593 INFO o.a.j.t.JMeterThread: Thread is done: API Users 1-127
2026-05-28 16:34:13,593 INFO o.a.j.t.JMeterThread: Thread finished: API Users 1-127
2026-05-28 16:34:13,601 INFO o.a.j.t.JMeterThread: Thread started: API Users 1-133
2026-05-28 16:34:13,604 INFO o.a.j.t.JMeterThread: Thread is done: API Users 1-129
2026-05-28 16:34:13,604 INFO o.a.j.t.JMeterThread: Thread finished: API Users 1-129
2026-05-28 16:34:13,608 INFO o.a.j.t.JMeterThread: Thread is done: API Users 1-130
2026-05-28 16:34:13,609 INFO o.a.j.t.JMeterThread: Thread finished: API Users 1-130
2026-05-28 16:34:13,610 INFO o.a.j.t.JMeterThread: Thread started: API Users 1-134
2026-05-28 16:34:13,615 INFO o.a.j.t.JMeterThread: Thread is done: API Users 1-131
2026-05-28 16:34:13,615 INFO o.a.j.t.JMeterThread: Thread finished: API Users 1-131
2026-05-28 16:34:13,624 INFO o.a.j.t.JMeterThread: Thread is done: API Users 1-132
2026-05-28 16:34:13,624 INFO o.a.j.t.JMeterThread: Thread finished: API Users 1-132
2026-05-28 16:34:13,625 INFO o.a.j.t.JMeterThread: Thread started: API Users 1-135
2026-05-28 16:34:13,635 INFO o.a.j.t.JMeterThread: Thread started: API Users 1-136
2026-05-28 16:34:13,641 INFO o.a.j.t.JMeterThread: Thread is done: API Users 1-133
2026-05-28 16:34:13,641 INFO o.a.j.t.JMeterThread: Thread finished: API Users 1-133
2026-05-28 16:34:13,642 INFO o.a.j.t.JMeterThread: Thread started: API Users 1-137
2026-05-28 16:34:13,648 INFO o.a.j.t.JMeterThread: Thread is done: API Users 1-134
2026-05-28 16:34:13,648 INFO o.a.j.t.JMeterThread: Thread finished: API Users 1-134
2026-05-28 16:34:13,650 INFO o.a.j.t.JMeterThread: Thread started: API Users 1-138
2026-05-28 16:34:13,660 INFO o.a.j.t.JMeterThread: Thread started: API Users 1-139
2026-05-28 16:34:13,668 INFO o.a.j.t.JMeterThread: Thread is done: API Users 1-135
2026-05-28 16:34:13,668 INFO o.a.j.t.JMeterThread: Thread finished: API Users 1-135
2026-05-28 16:34:13,673 INFO o.a.j.t.JMeterThread: Thread started: API Users 1-140
2026-05-28 16:34:13,675 INFO o.a.j.t.JMeterThread: Thread is done: API Users 1-136
2026-05-28 16:34:13,675 INFO o.a.j.t.JMeterThread: Thread finished: API Users 1-136
2026-05-28 16:34:13,679 INFO o.a.j.t.JMeterThread: Thread is done: API Users 1-137
2026-05-28 16:34:13,679 INFO o.a.j.t.JMeterThread: Thread finished: API Users 1-137
2026-05-28 16:34:13,682 INFO o.a.j.t.JMeterThread: Thread started: API Users 1-141
2026-05-28 16:34:13,690 INFO o.a.j.t.JMeterThread: Thread is done: API Users 1-138
2026-05-28 16:34:13,690 INFO o.a.j.t.JMeterThread: Thread finished: API Users 1-138
2026-05-28 16:34:13,693 INFO o.a.j.t.JMeterThread: Thread started: API Users 1-142
2026-05-28 16:34:13,699 INFO o.a.j.t.JMeterThread: Thread is done: API Users 1-139
2026-05-28 16:34:13,699 INFO o.a.j.t.JMeterThread: Thread finished: API Users 1-139
2026-05-28 16:34:13,705 INFO o.a.j.t.JMeterThread: Thread started: API Users 1-143
2026-05-28 16:34:13,712 INFO o.a.j.t.JMeterThread: Thread started: API Users 1-144
2026-05-28 16:34:13,724 INFO o.a.j.t.JMeterThread: Thread started: API Users 1-145
2026-05-28 16:34:13,726 INFO o.a.j.t.JMeterThread: Thread is done: API Users 1-140
2026-05-28 16:34:13,726 INFO o.a.j.t.JMeterThread: Thread finished: API Users 1-140
2026-05-28 16:34:13,731 INFO o.a.j.t.JMeterThread: Thread started: API Users 1-146
2026-05-28 16:34:13,732 INFO o.a.j.t.JMeterThread: Thread is done: API Users 1-141
2026-05-28 16:34:13,732 INFO o.a.j.t.JMeterThread: Thread finished: API Users 1-141
2026-05-28 16:34:13,740 INFO o.a.j.t.JMeterThread: Thread is done: API Users 1-142
2026-05-28 16:34:13,740 INFO o.a.j.t.JMeterThread: Thread finished: API Users 1-142
2026-05-28 16:34:13,744 INFO o.a.j.t.JMeterThread: Thread started: API Users 1-147
2026-05-28 16:34:13,746 INFO o.a.j.t.JMeterThread: Thread is done: API Users 1-143
2026-05-28 16:34:13,746 INFO o.a.j.t.JMeterThread: Thread is done: API Users 1-144
2026-05-28 16:34:13,746 INFO o.a.j.t.JMeterThread: Thread finished: API Users 1-143
2026-05-28 16:34:13,746 INFO o.a.j.t.JMeterThread: Thread finished: API Users 1-144
2026-05-28 16:34:13,750 INFO o.a.j.t.JMeterThread: Thread is done: API Users 1-145
2026-05-28 16:34:13,750 INFO o.a.j.t.JMeterThread: Thread finished: API Users 1-145
2026-05-28 16:34:13,750 INFO o.a.j.t.JMeterThread: Thread started: API Users 1-148
2026-05-28 16:34:13,754 INFO o.a.j.t.JMeterThread: Thread is done: API Users 1-146
2026-05-28 16:34:13,754 INFO o.a.j.t.JMeterThread: Thread finished: API Users 1-146
2026-05-28 16:34:13,762 INFO o.a.j.t.JMeterThread: Thread started: API Users 1-149
2026-05-28 16:34:13,762 INFO o.a.j.t.JMeterThread: Thread is done: API Users 1-147
2026-05-28 16:34:13,762 INFO o.a.j.t.JMeterThread: Thread finished: API Users 1-147
2026-05-28 16:34:13,769 INFO o.a.j.t.JMeterThread: Thread is done: API Users 1-148
2026-05-28 16:34:13,769 INFO o.a.j.t.JMeterThread: Thread finished: API Users 1-148
2026-05-28 16:34:13,772 INFO o.a.j.t.JMeterThread: Thread started: API Users 1-150
2026-05-28 16:34:13,781 INFO o.a.j.t.JMeterThread: Thread is done: API Users 1-149
2026-05-28 16:34:13,781 INFO o.a.j.t.JMeterThread: Thread finished: API Users 1-149
2026-05-28 16:34:13,783 INFO o.a.j.t.JMeterThread: Thread started: API Users 1-151
2026-05-28 16:34:13,790 INFO o.a.j.t.JMeterThread: Thread is done: API Users 1-150
2026-05-28 16:34:13,790 INFO o.a.j.t.JMeterThread: Thread finished: API Users 1-150
2026-05-28 16:34:13,791 INFO o.a.j.t.JMeterThread: Thread started: API Users 1-152
2026-05-28 16:34:13,801 INFO o.a.j.t.JMeterThread: Thread started: API Users 1-153
2026-05-28 16:34:13,805 INFO o.a.j.t.JMeterThread: Thread is done: API Users 1-151
2026-05-28 16:34:13,805 INFO o.a.j.t.JMeterThread: Thread finished: API Users 1-151
2026-05-28 16:34:13,814 INFO o.a.j.t.JMeterThread: Thread is done: API Users 1-152
2026-05-28 16:34:13,814 INFO o.a.j.t.JMeterThread: Thread finished: API Users 1-152
2026-05-28 16:34:13,815 INFO o.a.j.t.JMeterThread: Thread started: API Users 1-154
2026-05-28 16:34:13,820 INFO o.a.j.t.JMeterThread: Thread started: API Users 1-155
2026-05-28 16:34:13,822 INFO o.a.j.t.JMeterThread: Thread is done: API Users 1-153
2026-05-28 16:34:13,822 INFO o.a.j.t.JMeterThread: Thread finished: API Users 1-153
2026-05-28 16:34:13,833 INFO o.a.j.t.JMeterThread: Thread started: API Users 1-156
2026-05-28 16:34:13,837 INFO o.a.j.t.JMeterThread: Thread is done: API Users 1-154
2026-05-28 16:34:13,837 INFO o.a.j.t.JMeterThread: Thread finished: API Users 1-154
2026-05-28 16:34:13,840 INFO o.a.j.t.JMeterThread: Thread is done: API Users 1-155
2026-05-28 16:34:13,840 INFO o.a.j.t.JMeterThread: Thread finished: API Users 1-155
2026-05-28 16:34:13,841 INFO o.a.j.t.JMeterThread: Thread started: API Users 1-157
2026-05-28 16:34:13,853 INFO o.a.j.t.JMeterThread: Thread is done: API Users 1-156
2026-05-28 16:34:13,853 INFO o.a.j.t.JMeterThread: Thread finished: API Users 1-156
2026-05-28 16:34:13,856 INFO o.a.j.t.JMeterThread: Thread started: API Users 1-158
2026-05-28 16:34:13,860 INFO o.a.j.t.JMeterThread: Thread is done: API Users 1-157
2026-05-28 16:34:13,860 INFO o.a.j.t.JMeterThread: Thread finished: API Users 1-157
2026-05-28 16:34:13,863 INFO o.a.j.t.JMeterThread: Thread started: API Users 1-159
2026-05-28 16:34:13,872 INFO o.a.j.t.JMeterThread: Thread started: API Users 1-160
2026-05-28 16:34:13,877 INFO o.a.j.t.JMeterThread: Thread is done: API Users 1-158
2026-05-28 16:34:13,877 INFO o.a.j.t.JMeterThread: Thread finished: API Users 1-158
2026-05-28 16:34:13,882 INFO o.a.j.t.JMeterThread: Thread started: API Users 1-161
2026-05-28 16:34:13,886 INFO o.a.j.t.JMeterThread: Thread is done: API Users 1-159
2026-05-28 16:34:13,886 INFO o.a.j.t.JMeterThread: Thread finished: API Users 1-159
2026-05-28 16:34:13,894 INFO o.a.j.t.JMeterThread: Thread is done: API Users 1-160
2026-05-28 16:34:13,895 INFO o.a.j.t.JMeterThread: Thread finished: API Users 1-160
2026-05-28 16:34:13,895 INFO o.a.j.t.JMeterThread: Thread started: API Users 1-162
2026-05-28 16:34:13,900 INFO o.a.j.t.JMeterThread: Thread started: API Users 1-163
2026-05-28 16:34:13,903 INFO o.a.j.t.JMeterThread: Thread is done: API Users 1-161
2026-05-28 16:34:13,903 INFO o.a.j.t.JMeterThread: Thread finished: API Users 1-161
2026-05-28 16:34:13,910 INFO o.a.j.t.JMeterThread: Thread started: API Users 1-164
2026-05-28 16:34:13,913 INFO o.a.j.t.JMeterThread: Thread is done: API Users 1-162
2026-05-28 16:34:13,913 INFO o.a.j.t.JMeterThread: Thread finished: API Users 1-162
2026-05-28 16:34:13,920 INFO o.a.j.t.JMeterThread: Thread is done: API Users 1-163
2026-05-28 16:34:13,920 INFO o.a.j.t.JMeterThread: Thread finished: API Users 1-163
2026-05-28 16:34:13,925 INFO o.a.j.t.JMeterThread: Thread started: API Users 1-165
2026-05-28 16:34:13,931 INFO o.a.j.t.JMeterThread: Thread started: API Users 1-166
2026-05-28 16:34:13,931 INFO o.a.j.t.JMeterThread: Thread is done: API Users 1-164
2026-05-28 16:34:13,931 INFO o.a.j.t.JMeterThread: Thread finished: API Users 1-164
2026-05-28 16:34:13,943 INFO o.a.j.t.JMeterThread: Thread started: API Users 1-167
2026-05-28 16:34:13,946 INFO o.a.j.t.JMeterThread: Thread is done: API Users 1-165
2026-05-28 16:34:13,947 INFO o.a.j.t.JMeterThread: Thread finished: API Users 1-165
2026-05-28 16:34:13,951 INFO o.a.j.t.JMeterThread: Thread started: API Users 1-168
2026-05-28 16:34:13,953 INFO o.a.j.t.JMeterThread: Thread is done: API Users 1-166
2026-05-28 16:34:13,953 INFO o.a.j.t.JMeterThread: Thread finished: API Users 1-166
2026-05-28 16:34:13,961 INFO o.a.j.t.JMeterThread: Thread started: API Users 1-169
2026-05-28 16:34:13,964 INFO o.a.j.t.JMeterThread: Thread is done: API Users 1-167
2026-05-28 16:34:13,964 INFO o.a.j.t.JMeterThread: Thread finished: API Users 1-167
2026-05-28 16:34:13,973 INFO o.a.j.t.JMeterThread: Thread is done: API Users 1-168
2026-05-28 16:34:13,973 INFO o.a.j.t.JMeterThread: Thread finished: API Users 1-168
2026-05-28 16:34:13,974 INFO o.a.j.t.JMeterThread: Thread started: API Users 1-170
2026-05-28 16:34:13,982 INFO o.a.j.t.JMeterThread: Thread started: API Users 1-171
2026-05-28 16:34:13,987 INFO o.a.j.t.JMeterThread: Thread is done: API Users 1-169
2026-05-28 16:34:13,987 INFO o.a.j.t.JMeterThread: Thread finished: API Users 1-169
2026-05-28 16:34:13,995 INFO o.a.j.t.JMeterThread: Thread started: API Users 1-172
2026-05-28 16:34:13,998 INFO o.a.j.t.JMeterThread: Thread is done: API Users 1-170
2026-05-28 16:34:13,998 INFO o.a.j.t.JMeterThread: Thread finished: API Users 1-170
2026-05-28 16:34:14,000 INFO o.a.j.t.JMeterThread: Thread started: API Users 1-173
2026-05-28 16:34:14,003 INFO o.a.j.t.JMeterThread: Thread is done: API Users 1-171
2026-05-28 16:34:14,003 INFO o.a.j.t.JMeterThread: Thread finished: API Users 1-171
2026-05-28 16:34:14,014 INFO o.a.j.t.JMeterThread: Thread is done: API Users 1-172
2026-05-28 16:34:14,014 INFO o.a.j.t.JMeterThread: Thread finished: API Users 1-172
2026-05-28 16:34:14,014 INFO o.a.j.t.JMeterThread: Thread started: API Users 1-174
2026-05-28 16:34:14,020 INFO o.a.j.t.JMeterThread: Thread is done: API Users 1-173
2026-05-28 16:34:14,020 INFO o.a.j.t.JMeterThread: Thread finished: API Users 1-173
2026-05-28 16:34:14,024 INFO o.a.j.t.JMeterThread: Thread started: API Users 1-175
2026-05-28 16:34:14,033 INFO o.a.j.t.JMeterThread: Thread is done: API Users 1-174
2026-05-28 16:34:14,033 INFO o.a.j.t.JMeterThread: Thread finished: API Users 1-174
2026-05-28 16:34:14,034 INFO o.a.j.t.JMeterThread: Thread started: API Users 1-176
2026-05-28 16:34:14,043 INFO o.a.j.t.JMeterThread: Thread is done: API Users 1-175
2026-05-28 16:34:14,043 INFO o.a.j.t.JMeterThread: Thread finished: API Users 1-175
2026-05-28 16:34:14,043 INFO o.a.j.t.JMeterThread: Thread started: API Users 1-177
2026-05-28 16:34:14,053 INFO o.a.j.t.JMeterThread: Thread is done: API Users 1-176
2026-05-28 16:34:14,053 INFO o.a.j.t.JMeterThread: Thread finished: API Users 1-176
2026-05-28 16:34:14,054 INFO o.a.j.t.JMeterThread: Thread started: API Users 1-178
2026-05-28 16:34:14,061 INFO o.a.j.t.JMeterThread: Thread is done: API Users 1-177
2026-05-28 16:34:14,061 INFO o.a.j.t.JMeterThread: Thread finished: API Users 1-177
2026-05-28 16:34:14,065 INFO o.a.j.t.JMeterThread: Thread started: API Users 1-179
2026-05-28 16:34:14,072 INFO o.a.j.t.JMeterThread: Thread is done: API Users 1-178
2026-05-28 16:34:14,072 INFO o.a.j.t.JMeterThread: Thread finished: API Users 1-178
2026-05-28 16:34:14,074 INFO o.a.j.t.JMeterThread: Thread started: API Users 1-180
2026-05-28 16:34:14,085 INFO o.a.j.t.JMeterThread: Thread started: API Users 1-181
2026-05-28 16:34:14,093 INFO o.a.j.t.JMeterThread: Thread started: API Users 1-182
2026-05-28 16:34:14,099 INFO o.a.j.t.JMeterThread: Thread is done: API Users 1-179
2026-05-28 16:34:14,100 INFO o.a.j.t.JMeterThread: Thread finished: API Users 1-179
2026-05-28 16:34:14,105 INFO o.a.j.t.JMeterThread: Thread started: API Users 1-183
2026-05-28 16:34:14,110 INFO o.a.j.t.JMeterThread: Thread started: API Users 1-184
2026-05-28 16:34:14,111 INFO o.a.j.t.JMeterThread: Thread is done: API Users 1-180
2026-05-28 16:34:14,111 INFO o.a.j.t.JMeterThread: Thread finished: API Users 1-180
2026-05-28 16:34:14,116 INFO o.a.j.t.JMeterThread: Thread is done: API Users 1-181
2026-05-28 16:34:14,116 INFO o.a.j.t.JMeterThread: Thread finished: API Users 1-181
2026-05-28 16:34:14,119 INFO o.a.j.t.JMeterThread: Thread is done: API Users 1-182
2026-05-28 16:34:14,119 INFO o.a.j.t.JMeterThread: Thread finished: API Users 1-182
2026-05-28 16:34:14,123 INFO o.a.j.t.JMeterThread: Thread started: API Users 1-185
2026-05-28 16:34:14,131 INFO o.a.j.t.JMeterThread: Thread started: API Users 1-186
2026-05-28 16:34:14,132 INFO o.a.j.t.JMeterThread: Thread is done: API Users 1-183
2026-05-28 16:34:14,133 INFO o.a.j.t.JMeterThread: Thread finished: API Users 1-183
2026-05-28 16:34:14,137 INFO o.a.j.t.JMeterThread: Thread is done: API Users 1-184
2026-05-28 16:34:14,137 INFO o.a.j.t.JMeterThread: Thread finished: API Users 1-184
2026-05-28 16:34:14,142 INFO o.a.j.t.JMeterThread: Thread started: API Users 1-187
2026-05-28 16:34:14,146 INFO o.a.j.t.JMeterThread: Thread is done: API Users 1-185
2026-05-28 16:34:14,146 INFO o.a.j.t.JMeterThread: Thread finished: API Users 1-185
2026-05-28 16:34:14,150 INFO o.a.j.t.JMeterThread: Thread is done: API Users 1-186
2026-05-28 16:34:14,150 INFO o.a.j.t.JMeterThread: Thread finished: API Users 1-186
2026-05-28 16:34:14,155 INFO o.a.j.t.JMeterThread: Thread started: API Users 1-188
2026-05-28 16:34:14,159 INFO o.a.j.t.JMeterThread: Thread is done: API Users 1-187
2026-05-28 16:34:14,159 INFO o.a.j.t.JMeterThread: Thread finished: API Users 1-187
2026-05-28 16:34:14,166 INFO o.a.j.t.JMeterThread: Thread started: API Users 1-189
2026-05-28 16:34:14,172 INFO o.a.j.t.JMeterThread: Thread started: API Users 1-190
2026-05-28 16:34:14,173 INFO o.a.j.t.JMeterThread: Thread is done: API Users 1-188
2026-05-28 16:34:14,173 INFO o.a.j.t.JMeterThread: Thread finished: API Users 1-188
2026-05-28 16:34:14,184 INFO o.a.j.t.JMeterThread: Thread started: API Users 1-191
2026-05-28 16:34:14,186 INFO o.a.j.t.JMeterThread: Thread is done: API Users 1-189
2026-05-28 16:34:14,186 INFO o.a.j.t.JMeterThread: Thread finished: API Users 1-189
2026-05-28 16:34:14,191 INFO o.a.j.t.JMeterThread: Thread is done: API Users 1-190
2026-05-28 16:34:14,191 INFO o.a.j.t.JMeterThread: Thread finished: API Users 1-190
2026-05-28 16:34:14,191 INFO o.a.j.t.JMeterThread: Thread started: API Users 1-192
2026-05-28 16:34:14,201 INFO o.a.j.t.JMeterThread: Thread started: API Users 1-193
2026-05-28 16:34:14,207 INFO o.a.j.t.JMeterThread: Thread is done: API Users 1-191
2026-05-28 16:34:14,207 INFO o.a.j.t.JMeterThread: Thread finished: API Users 1-191
2026-05-28 16:34:14,212 INFO o.a.j.t.JMeterThread: Thread started: API Users 1-194
2026-05-28 16:34:14,224 INFO o.a.j.t.JMeterThread: Thread started: API Users 1-195
2026-05-28 16:34:14,229 INFO o.a.j.t.JMeterThread: Thread is done: API Users 1-192
2026-05-28 16:34:14,229 INFO o.a.j.t.JMeterThread: Thread finished: API Users 1-192
2026-05-28 16:34:14,232 INFO o.a.j.t.JMeterThread: Thread started: API Users 1-196
2026-05-28 16:34:14,241 INFO o.a.j.t.JMeterThread: Thread started: API Users 1-197
2026-05-28 16:34:14,245 INFO o.a.j.t.JMeterThread: Thread is done: API Users 1-193
2026-05-28 16:34:14,246 INFO o.a.j.t.JMeterThread: Thread finished: API Users 1-193
2026-05-28 16:34:14,250 INFO o.a.j.t.JMeterThread: Thread started: API Users 1-198
2026-05-28 16:34:14,252 INFO o.a.j.t.JMeterThread: Thread is done: API Users 1-194
2026-05-28 16:34:14,252 INFO o.a.j.t.JMeterThread: Thread finished: API Users 1-194
2026-05-28 16:34:14,260 INFO o.a.j.t.JMeterThread: Thread is done: API Users 1-195
2026-05-28 16:34:14,260 INFO o.a.j.t.JMeterThread: Thread finished: API Users 1-195
2026-05-28 16:34:14,263 INFO o.a.j.t.JMeterThread: Thread started: API Users 1-199
2026-05-28 16:34:14,269 INFO o.a.j.t.JMeterThread: Thread is done: API Users 1-196
2026-05-28 16:34:14,269 INFO o.a.j.t.JMeterThread: Thread finished: API Users 1-196
2026-05-28 16:34:14,274 INFO o.a.j.t.JMeterThread: Thread started: API Users 1-200
2026-05-28 16:34:14,282 INFO o.a.j.t.JMeterThread: Thread started: API Users 1-201
2026-05-28 16:34:14,286 INFO o.a.j.t.JMeterThread: Thread is done: API Users 1-197
2026-05-28 16:34:14,286 INFO o.a.j.t.JMeterThread: Thread finished: API Users 1-197
2026-05-28 16:34:14,291 INFO o.a.j.t.JMeterThread: Thread started: API Users 1-202
2026-05-28 16:34:14,301 INFO o.a.j.t.JMeterThread: Thread started: API Users 1-203
2026-05-28 16:34:14,305 INFO o.a.j.t.JMeterThread: Thread is done: API Users 1-198
2026-05-28 16:34:14,305 INFO o.a.j.t.JMeterThread: Thread finished: API Users 1-198
2026-05-28 16:34:14,312 INFO o.a.j.t.JMeterThread: Thread started: API Users 1-204
2026-05-28 16:34:14,317 INFO o.a.j.t.JMeterThread: Thread is done: API Users 1-199
2026-05-28 16:34:14,317 INFO o.a.j.t.JMeterThread: Thread finished: API Users 1-199
2026-05-28 16:34:14,323 INFO o.a.j.t.JMeterThread: Thread started: API Users 1-205
2026-05-28 16:34:14,329 INFO o.a.j.t.JMeterThread: Thread is done: API Users 1-200
2026-05-28 16:34:14,329 INFO o.a.j.t.JMeterThread: Thread finished: API Users 1-200
2026-05-28 16:34:14,331 INFO o.a.j.t.JMeterThread: Thread started: API Users 1-206
2026-05-28 16:34:14,339 INFO o.a.j.t.JMeterThread: Thread is done: API Users 1-201
2026-05-28 16:34:14,339 INFO o.a.j.t.JMeterThread: Thread finished: API Users 1-201
2026-05-28 16:34:14,340 INFO o.a.j.t.JMeterThread: Thread started: API Users 1-207
2026-05-28 16:34:14,341 INFO o.a.j.t.JMeterThread: Thread is done: API Users 1-202
2026-05-28 16:34:14,341 INFO o.a.j.t.JMeterThread: Thread finished: API Users 1-202
2026-05-28 16:34:14,352 INFO o.a.j.t.JMeterThread: Thread started: API Users 1-208
2026-05-28 16:34:14,354 INFO o.a.j.t.JMeterThread: Thread is done: API Users 1-203
2026-05-28 16:34:14,354 INFO o.a.j.t.JMeterThread: Thread finished: API Users 1-203
2026-05-28 16:34:14,361 INFO o.a.j.t.JMeterThread: Thread started: API Users 1-209
2026-05-28 16:34:14,365 INFO o.a.j.t.JMeterThread: Thread is done: API Users 1-204
2026-05-28 16:34:14,365 INFO o.a.j.t.JMeterThread: Thread finished: API Users 1-204
2026-05-28 16:34:14,369 INFO o.a.j.t.JMeterThread: Thread is done: API Users 1-205
2026-05-28 16:34:14,369 INFO o.a.j.t.JMeterThread: Thread finished: API Users 1-205
2026-05-28 16:34:14,371 INFO o.a.j.t.JMeterThread: Thread started: API Users 1-210
2026-05-28 16:34:14,374 INFO o.a.j.t.JMeterThread: Thread is done: API Users 1-206
2026-05-28 16:34:14,374 INFO o.a.j.t.JMeterThread: Thread finished: API Users 1-206
2026-05-28 16:34:14,384 INFO o.a.j.t.JMeterThread: Thread started: API Users 1-211
2026-05-28 16:34:14,388 INFO o.a.j.t.JMeterThread: Thread is done: API Users 1-207
2026-05-28 16:34:14,388 INFO o.a.j.t.JMeterThread: Thread finished: API Users 1-207
2026-05-28 16:34:14,393 INFO o.a.j.t.JMeterThread: Thread started: API Users 1-212
2026-05-28 16:34:14,396 INFO o.a.j.t.JMeterThread: Thread is done: API Users 1-208
2026-05-28 16:34:14,396 INFO o.a.j.t.JMeterThread: Thread finished: API Users 1-208
2026-05-28 16:34:14,399 INFO o.a.j.t.JMeterThread: Thread is done: API Users 1-209
2026-05-28 16:34:14,399 INFO o.a.j.t.JMeterThread: Thread finished: API Users 1-209
2026-05-28 16:34:14,404 INFO o.a.j.t.JMeterThread: Thread started: API Users 1-213
2026-05-28 16:34:14,405 INFO o.a.j.t.JMeterThread: Thread is done: API Users 1-210
2026-05-28 16:34:14,405 INFO o.a.j.t.JMeterThread: Thread finished: API Users 1-210
2026-05-28 16:34:14,410 INFO o.a.j.t.JMeterThread: Thread is done: API Users 1-211
2026-05-28 16:34:14,410 INFO o.a.j.t.JMeterThread: Thread finished: API Users 1-211
2026-05-28 16:34:14,411 INFO o.a.j.t.JMeterThread: Thread started: API Users 1-214
2026-05-28 16:34:14,414 INFO o.a.j.t.JMeterThread: Thread is done: API Users 1-212
2026-05-28 16:34:14,414 INFO o.a.j.t.JMeterThread: Thread finished: API Users 1-212
2026-05-28 16:34:14,422 INFO o.a.j.t.JMeterThread: Thread is done: API Users 1-213
2026-05-28 16:34:14,422 INFO o.a.j.t.JMeterThread: Thread finished: API Users 1-213
2026-05-28 16:34:14,424 INFO o.a.j.t.JMeterThread: Thread started: API Users 1-215
2026-05-28 16:34:14,429 INFO o.a.j.t.JMeterThread: Thread is done: API Users 1-214
2026-05-28 16:34:14,429 INFO o.a.j.t.JMeterThread: Thread finished: API Users 1-214
2026-05-28 16:34:14,432 INFO o.a.j.t.JMeterThread: Thread started: API Users 1-216
2026-05-28 16:34:14,439 INFO o.a.j.t.JMeterThread: Thread is done: API Users 1-215
2026-05-28 16:34:14,439 INFO o.a.j.t.JMeterThread: Thread finished: API Users 1-215
2026-05-28 16:34:14,446 INFO o.a.j.t.JMeterThread: Thread started: API Users 1-217
2026-05-28 16:34:14,448 INFO o.a.j.t.JMeterThread: Thread is done: API Users 1-216
2026-05-28 16:34:14,448 INFO o.a.j.t.JMeterThread: Thread finished: API Users 1-216
2026-05-28 16:34:14,450 INFO o.a.j.t.JMeterThread: Thread started: API Users 1-218
2026-05-28 16:34:14,461 INFO o.a.j.t.JMeterThread: Thread started: API Users 1-219
2026-05-28 16:34:14,462 INFO o.a.j.t.JMeterThread: Thread is done: API Users 1-217
2026-05-28 16:34:14,462 INFO o.a.j.t.JMeterThread: Thread finished: API Users 1-217
2026-05-28 16:34:14,465 INFO o.a.j.t.JMeterThread: Thread is done: API Users 1-218
2026-05-28 16:34:14,465 INFO o.a.j.t.JMeterThread: Thread finished: API Users 1-218
2026-05-28 16:34:14,471 INFO o.a.j.t.JMeterThread: Thread started: API Users 1-220
2026-05-28 16:34:14,477 INFO o.a.j.t.JMeterThread: Thread is done: API Users 1-219
2026-05-28 16:34:14,477 INFO o.a.j.t.JMeterThread: Thread finished: API Users 1-219
2026-05-28 16:34:14,485 INFO o.a.j.t.JMeterThread: Thread started: API Users 1-221
2026-05-28 16:34:14,486 INFO o.a.j.t.JMeterThread: Thread is done: API Users 1-220
2026-05-28 16:34:14,486 INFO o.a.j.t.JMeterThread: Thread finished: API Users 1-220
2026-05-28 16:34:14,491 INFO o.a.j.t.JMeterThread: Thread started: API Users 1-222
2026-05-28 16:34:14,499 INFO o.a.j.t.JMeterThread: Thread is done: API Users 1-221
2026-05-28 16:34:14,499 INFO o.a.j.t.JMeterThread: Thread finished: API Users 1-221
2026-05-28 16:34:14,501 INFO o.a.j.t.JMeterThread: Thread started: API Users 1-223
2026-05-28 16:34:14,507 INFO o.a.j.t.JMeterThread: Thread is done: API Users 1-222
2026-05-28 16:34:14,507 INFO o.a.j.t.JMeterThread: Thread finished: API Users 1-222
2026-05-28 16:34:14,510 INFO o.a.j.t.JMeterThread: Thread started: API Users 1-224
2026-05-28 16:34:14,515 INFO o.a.j.t.JMeterThread: Thread is done: API Users 1-223
2026-05-28 16:34:14,515 INFO o.a.j.t.JMeterThread: Thread finished: API Users 1-223
2026-05-28 16:34:14,520 INFO o.a.j.t.JMeterThread: Thread started: API Users 1-225
2026-05-28 16:34:14,525 INFO o.a.j.t.JMeterThread: Thread is done: API Users 1-224
2026-05-28 16:34:14,525 INFO o.a.j.t.JMeterThread: Thread finished: API Users 1-224
2026-05-28 16:34:14,533 INFO o.a.j.t.JMeterThread: Thread started: API Users 1-226
2026-05-28 16:34:14,535 INFO o.a.j.t.JMeterThread: Thread is done: API Users 1-225
2026-05-28 16:34:14,535 INFO o.a.j.t.JMeterThread: Thread finished: API Users 1-225
2026-05-28 16:34:14,543 INFO o.a.j.t.JMeterThread: Thread started: API Users 1-227
2026-05-28 16:34:14,547 INFO o.a.j.t.JMeterThread: Thread is done: API Users 1-226
2026-05-28 16:34:14,548 INFO o.a.j.t.JMeterThread: Thread finished: API Users 1-226
2026-05-28 16:34:14,552 INFO o.a.j.t.JMeterThread: Thread started: API Users 1-228
2026-05-28 16:34:14,557 INFO o.a.j.t.JMeterThread: Thread is done: API Users 1-227
2026-05-28 16:34:14,557 INFO o.a.j.t.JMeterThread: Thread finished: API Users 1-227
2026-05-28 16:34:14,565 INFO o.a.j.t.JMeterThread: Thread started: API Users 1-229
2026-05-28 16:34:14,565 INFO o.a.j.t.JMeterThread: Thread is done: API Users 1-228
2026-05-28 16:34:14,565 INFO o.a.j.t.JMeterThread: Thread finished: API Users 1-228
2026-05-28 16:34:14,573 INFO o.a.j.t.JMeterThread: Thread started: API Users 1-230
2026-05-28 16:34:14,579 INFO o.a.j.t.JMeterThread: Thread is done: API Users 1-229
2026-05-28 16:34:14,579 INFO o.a.j.t.JMeterThread: Thread finished: API Users 1-229
2026-05-28 16:34:14,580 INFO o.a.j.t.JMeterThread: Thread started: API Users 1-231
2026-05-28 16:34:14,587 INFO o.a.j.t.JMeterThread: Thread is done: API Users 1-230
2026-05-28 16:34:14,587 INFO o.a.j.t.JMeterThread: Thread finished: API Users 1-230
2026-05-28 16:34:14,590 INFO o.a.j.t.JMeterThread: Thread started: API Users 1-232
2026-05-28 16:34:14,594 INFO o.a.j.t.JMeterThread: Thread is done: API Users 1-231
2026-05-28 16:34:14,594 INFO o.a.j.t.JMeterThread: Thread finished: API Users 1-231
2026-05-28 16:34:14,601 INFO o.a.j.t.JMeterThread: Thread started: API Users 1-233
2026-05-28 16:34:14,604 INFO o.a.j.t.JMeterThread: Thread is done: API Users 1-232
2026-05-28 16:34:14,604 INFO o.a.j.t.JMeterThread: Thread finished: API Users 1-232
2026-05-28 16:34:14,611 INFO o.a.j.t.JMeterThread: Thread started: API Users 1-234
2026-05-28 16:34:14,614 INFO o.a.j.t.JMeterThread: Thread is done: API Users 1-233
2026-05-28 16:34:14,614 INFO o.a.j.t.JMeterThread: Thread finished: API Users 1-233
2026-05-28 16:34:14,623 INFO o.a.j.t.JMeterThread: Thread started: API Users 1-235
2026-05-28 16:34:14,625 INFO o.a.j.t.JMeterThread: Thread is done: API Users 1-234
2026-05-28 16:34:14,625 INFO o.a.j.t.JMeterThread: Thread finished: API Users 1-234
2026-05-28 16:34:14,633 INFO o.a.j.t.JMeterThread: Thread started: API Users 1-236
2026-05-28 16:34:14,637 INFO o.a.j.t.JMeterThread: Thread is done: API Users 1-235
2026-05-28 16:34:14,637 INFO o.a.j.t.JMeterThread: Thread finished: API Users 1-235
2026-05-28 16:34:14,645 INFO o.a.j.t.JMeterThread: Thread started: API Users 1-237
2026-05-28 16:34:14,647 INFO o.a.j.t.JMeterThread: Thread is done: API Users 1-236
2026-05-28 16:34:14,648 INFO o.a.j.t.JMeterThread: Thread finished: API Users 1-236
2026-05-28 16:34:14,651 INFO o.a.j.t.JMeterThread: Thread started: API Users 1-238
2026-05-28 16:34:14,660 INFO o.a.j.t.JMeterThread: Thread is done: API Users 1-237
2026-05-28 16:34:14,660 INFO o.a.j.t.JMeterThread: Thread finished: API Users 1-237
2026-05-28 16:34:14,662 INFO o.a.j.t.JMeterThread: Thread started: API Users 1-239
2026-05-28 16:34:14,666 INFO o.a.j.t.JMeterThread: Thread is done: API Users 1-238
2026-05-28 16:34:14,666 INFO o.a.j.t.JMeterThread: Thread finished: API Users 1-238
2026-05-28 16:34:14,676 INFO o.a.j.t.JMeterThread: Thread started: API Users 1-240
2026-05-28 16:34:14,678 INFO o.a.j.t.JMeterThread: Thread is done: API Users 1-239
2026-05-28 16:34:14,678 INFO o.a.j.t.JMeterThread: Thread finished: API Users 1-239
2026-05-28 16:34:14,680 INFO o.a.j.t.JMeterThread: Thread started: API Users 1-241
2026-05-28 16:34:14,691 INFO o.a.j.t.JMeterThread: Thread is done: API Users 1-240
2026-05-28 16:34:14,691 INFO o.a.j.t.JMeterThread: Thread started: API Users 1-242
2026-05-28 16:34:14,691 INFO o.a.j.t.JMeterThread: Thread finished: API Users 1-240
2026-05-28 16:34:14,695 INFO o.a.j.t.JMeterThread: Thread is done: API Users 1-241
2026-05-28 16:34:14,695 INFO o.a.j.t.JMeterThread: Thread finished: API Users 1-241
2026-05-28 16:34:14,701 INFO o.a.j.t.JMeterThread: Thread started: API Users 1-243
2026-05-28 16:34:14,706 INFO o.a.j.t.JMeterThread: Thread is done: API Users 1-242
2026-05-28 16:34:14,706 INFO o.a.j.t.JMeterThread: Thread finished: API Users 1-242
2026-05-28 16:34:14,714 INFO o.a.j.t.JMeterThread: Thread started: API Users 1-244
2026-05-28 16:34:14,724 INFO o.a.j.t.JMeterThread: Thread started: API Users 1-245
2026-05-28 16:34:14,732 INFO o.a.j.t.JMeterThread: Thread is done: API Users 1-243
2026-05-28 16:34:14,732 INFO o.a.j.t.JMeterThread: Thread finished: API Users 1-243
2026-05-28 16:34:14,734 INFO o.a.j.t.JMeterThread: Thread started: API Users 1-246
2026-05-28 16:34:14,743 INFO o.a.j.t.JMeterThread: Thread is done: API Users 1-244
2026-05-28 16:34:14,743 INFO o.a.j.t.JMeterThread: Thread finished: API Users 1-244
2026-05-28 16:34:14,744 INFO o.a.j.t.JMeterThread: Thread started: API Users 1-247
2026-05-28 16:34:14,744 INFO o.a.j.t.JMeterThread: Thread is done: API Users 1-245
2026-05-28 16:34:14,744 INFO o.a.j.t.JMeterThread: Thread finished: API Users 1-245
2026-05-28 16:34:14,752 INFO o.a.j.t.JMeterThread: Thread started: API Users 1-248
2026-05-28 16:34:14,753 INFO o.a.j.t.JMeterThread: Thread is done: API Users 1-246
2026-05-28 16:34:14,753 INFO o.a.j.t.JMeterThread: Thread finished: API Users 1-246
2026-05-28 16:34:14,761 INFO o.a.j.t.JMeterThread: Thread is done: API Users 1-247
2026-05-28 16:34:14,761 INFO o.a.j.t.JMeterThread: Thread finished: API Users 1-247
2026-05-28 16:34:14,765 INFO o.a.j.t.JMeterThread: Thread started: API Users 1-249
2026-05-28 16:34:14,768 INFO o.a.j.t.JMeterThread: Thread is done: API Users 1-248
2026-05-28 16:34:14,768 INFO o.a.j.t.JMeterThread: Thread finished: API Users 1-248
2026-05-28 16:34:14,773 INFO o.a.j.t.JMeterThread: Thread started: API Users 1-250
2026-05-28 16:34:14,783 INFO o.a.j.t.JMeterThread: Thread is done: API Users 1-249
2026-05-28 16:34:14,783 INFO o.a.j.t.JMeterThread: Thread finished: API Users 1-249
2026-05-28 16:34:14,783 INFO o.a.j.t.JMeterThread: Thread started: API Users 1-251
2026-05-28 16:34:14,790 INFO o.a.j.t.JMeterThread: Thread started: API Users 1-252
2026-05-28 16:34:14,791 INFO o.a.j.t.JMeterThread: Thread is done: API Users 1-250
2026-05-28 16:34:14,791 INFO o.a.j.t.JMeterThread: Thread finished: API Users 1-250
2026-05-28 16:34:14,800 INFO o.a.j.t.JMeterThread: Thread started: API Users 1-253
2026-05-28 16:34:14,804 INFO o.a.j.t.JMeterThread: Thread is done: API Users 1-251
2026-05-28 16:34:14,804 INFO o.a.j.t.JMeterThread: Thread finished: API Users 1-251
2026-05-28 16:34:14,811 INFO o.a.j.t.JMeterThread: Thread started: API Users 1-254
2026-05-28 16:34:14,813 INFO o.a.j.t.JMeterThread: Thread is done: API Users 1-252
2026-05-28 16:34:14,813 INFO o.a.j.t.JMeterThread: Thread finished: API Users 1-252
2026-05-28 16:34:14,821 INFO o.a.j.t.JMeterThread: Thread started: API Users 1-255
2026-05-28 16:34:14,822 INFO o.a.j.t.JMeterThread: Thread is done: API Users 1-253
2026-05-28 16:34:14,822 INFO o.a.j.t.JMeterThread: Thread finished: API Users 1-253
2026-05-28 16:34:14,829 INFO o.a.j.t.JMeterThread: Thread is done: API Users 1-254
2026-05-28 16:34:14,829 INFO o.a.j.t.JMeterThread: Thread finished: API Users 1-254
2026-05-28 16:34:14,832 INFO o.a.j.t.JMeterThread: Thread started: API Users 1-256
2026-05-28 16:34:14,840 INFO o.a.j.t.JMeterThread: Thread is done: API Users 1-255
2026-05-28 16:34:14,840 INFO o.a.j.t.JMeterThread: Thread finished: API Users 1-255
2026-05-28 16:34:14,841 INFO o.a.j.t.JMeterThread: Thread started: API Users 1-257
2026-05-28 16:34:14,850 INFO o.a.j.t.JMeterThread: Thread is done: API Users 1-256
2026-05-28 16:34:14,850 INFO o.a.j.t.JMeterThread: Thread finished: API Users 1-256
2026-05-28 16:34:14,853 INFO o.a.j.t.JMeterThread: Thread started: API Users 1-258
2026-05-28 16:34:14,861 INFO o.a.j.t.JMeterThread: Thread is done: API Users 1-257
2026-05-28 16:34:14,861 INFO o.a.j.t.JMeterThread: Thread finished: API Users 1-257
2026-05-28 16:34:14,865 INFO o.a.j.t.JMeterThread: Thread started: API Users 1-259
2026-05-28 16:34:14,874 INFO o.a.j.t.JMeterThread: Thread is done: API Users 1-258
2026-05-28 16:34:14,874 INFO o.a.j.t.JMeterThread: Thread finished: API Users 1-258
2026-05-28 16:34:14,875 INFO o.a.j.t.JMeterThread: Thread started: API Users 1-260
2026-05-28 16:34:14,885 INFO o.a.j.t.JMeterThread: Thread started: API Users 1-261
2026-05-28 16:34:14,889 INFO o.a.j.t.JMeterThread: Thread is done: API Users 1-259
2026-05-28 16:34:14,890 INFO o.a.j.t.JMeterThread: Thread finished: API Users 1-259
2026-05-28 16:34:14,892 INFO o.a.j.t.JMeterThread: Thread started: API Users 1-262
2026-05-28 16:34:14,901 INFO o.a.j.t.JMeterThread: Thread is done: API Users 1-260
2026-05-28 16:34:14,901 INFO o.a.j.t.JMeterThread: Thread finished: API Users 1-260
2026-05-28 16:34:14,905 INFO o.a.j.t.JMeterThread: Thread started: API Users 1-263
2026-05-28 16:34:14,909 INFO o.a.j.t.JMeterThread: Thread is done: API Users 1-261
2026-05-28 16:34:14,909 INFO o.a.j.t.JMeterThread: Thread finished: API Users 1-261
2026-05-28 16:34:14,912 INFO o.a.j.t.JMeterThread: Thread is done: API Users 1-262
2026-05-28 16:34:14,912 INFO o.a.j.t.JMeterThread: Thread finished: API Users 1-262
2026-05-28 16:34:14,916 INFO o.a.j.t.JMeterThread: Thread started: API Users 1-264
2026-05-28 16:34:14,923 INFO o.a.j.t.JMeterThread: Thread is done: API Users 1-263
2026-05-28 16:34:14,923 INFO o.a.j.t.JMeterThread: Thread finished: API Users 1-263
2026-05-28 16:34:14,924 INFO o.a.j.t.JMeterThread: Thread started: API Users 1-265
2026-05-28 16:34:14,932 INFO o.a.j.t.JMeterThread: Thread started: API Users 1-266
2026-05-28 16:34:14,937 INFO o.a.j.t.JMeterThread: Thread is done: API Users 1-264
2026-05-28 16:34:14,937 INFO o.a.j.t.JMeterThread: Thread finished: API Users 1-264
2026-05-28 16:34:14,942 INFO o.a.j.t.JMeterThread: Thread is done: API Users 1-265
2026-05-28 16:34:14,942 INFO o.a.j.t.JMeterThread: Thread finished: API Users 1-265
2026-05-28 16:34:14,944 INFO o.a.j.t.JMeterThread: Thread started: API Users 1-267
2026-05-28 16:34:14,950 INFO o.a.j.t.JMeterThread: Thread is done: API Users 1-266
2026-05-28 16:34:14,950 INFO o.a.j.t.JMeterThread: Thread finished: API Users 1-266
2026-05-28 16:34:14,950 INFO o.a.j.t.JMeterThread: Thread started: API Users 1-268
2026-05-28 16:34:14,962 INFO o.a.j.t.JMeterThread: Thread is done: API Users 1-267
2026-05-28 16:34:14,962 INFO o.a.j.t.JMeterThread: Thread finished: API Users 1-267
2026-05-28 16:34:14,965 INFO o.a.j.t.JMeterThread: Thread started: API Users 1-269
2026-05-28 16:34:14,969 INFO o.a.j.t.JMeterThread: Thread is done: API Users 1-268
2026-05-28 16:34:14,969 INFO o.a.j.t.JMeterThread: Thread finished: API Users 1-268
2026-05-28 16:34:14,973 INFO o.a.j.t.JMeterThread: Thread started: API Users 1-270
2026-05-28 16:34:14,983 INFO o.a.j.t.JMeterThread: Thread is done: API Users 1-269
2026-05-28 16:34:14,983 INFO o.a.j.t.JMeterThread: Thread finished: API Users 1-269
2026-05-28 16:34:14,984 INFO o.a.j.t.JMeterThread: Thread started: API Users 1-271
2026-05-28 16:34:14,990 INFO o.a.j.t.JMeterThread: Thread is done: API Users 1-270
2026-05-28 16:34:14,990 INFO o.a.j.t.JMeterThread: Thread finished: API Users 1-270
2026-05-28 16:34:14,994 INFO o.a.j.t.JMeterThread: Thread started: API Users 1-272
2026-05-28 16:34:14,999 INFO o.a.j.t.JMeterThread: Thread is done: API Users 1-271
2026-05-28 16:34:14,999 INFO o.a.j.t.JMeterThread: Thread finished: API Users 1-271
2026-05-28 16:34:15,000 INFO o.a.j.t.JMeterThread: Thread started: API Users 1-273
2026-05-28 16:34:15,011 INFO o.a.j.t.JMeterThread: Thread is done: API Users 1-272
2026-05-28 16:34:15,011 INFO o.a.j.t.JMeterThread: Thread finished: API Users 1-272
2026-05-28 16:34:15,012 INFO o.a.j.t.JMeterThread: Thread started: API Users 1-274
2026-05-28 16:34:15,016 INFO o.a.j.t.JMeterThread: Thread is done: API Users 1-273
2026-05-28 16:34:15,016 INFO o.a.j.t.JMeterThread: Thread finished: API Users 1-273
2026-05-28 16:34:15,024 INFO o.a.j.t.JMeterThread: Thread started: API Users 1-275
2026-05-28 16:34:15,029 INFO o.a.j.t.JMeterThread: Thread is done: API Users 1-274
2026-05-28 16:34:15,029 INFO o.a.j.t.JMeterThread: Thread finished: API Users 1-274
2026-05-28 16:34:15,031 INFO o.a.j.t.JMeterThread: Thread started: API Users 1-276
2026-05-28 16:34:15,041 INFO o.a.j.t.JMeterThread: Thread started: API Users 1-277
2026-05-28 16:34:15,043 INFO o.a.j.t.JMeterThread: Thread is done: API Users 1-275
2026-05-28 16:34:15,043 INFO o.a.j.t.JMeterThread: Thread finished: API Users 1-275
2026-05-28 16:34:15,051 INFO o.a.j.t.JMeterThread: Thread is done: API Users 1-276
2026-05-28 16:34:15,051 INFO o.a.j.t.JMeterThread: Thread finished: API Users 1-276
2026-05-28 16:34:15,055 INFO o.a.j.t.JMeterThread: Thread started: API Users 1-278
2026-05-28 16:34:15,058 INFO o.a.j.t.JMeterThread: Thread is done: API Users 1-277
2026-05-28 16:34:15,058 INFO o.a.j.t.JMeterThread: Thread finished: API Users 1-277
2026-05-28 16:34:15,066 INFO o.a.j.t.JMeterThread: Thread started: API Users 1-279
2026-05-28 16:34:15,073 INFO o.a.j.t.JMeterThread: Thread is done: API Users 1-278
2026-05-28 16:34:15,073 INFO o.a.j.t.JMeterThread: Thread finished: API Users 1-278
2026-05-28 16:34:15,076 INFO o.a.j.t.JMeterThread: Thread started: API Users 1-280
2026-05-28 16:34:15,082 INFO o.a.j.t.JMeterThread: Thread started: API Users 1-281
2026-05-28 16:34:15,087 INFO o.a.j.t.JMeterThread: Thread is done: API Users 1-279
2026-05-28 16:34:15,087 INFO o.a.j.t.JMeterThread: Thread finished: API Users 1-279
2026-05-28 16:34:15,091 INFO o.a.j.t.JMeterThread: Thread started: API Users 1-282
2026-05-28 16:34:15,095 INFO o.a.j.t.JMeterThread: Thread is done: API Users 1-280
2026-05-28 16:34:15,095 INFO o.a.j.t.JMeterThread: Thread finished: API Users 1-280
2026-05-28 16:34:15,100 INFO o.a.j.t.JMeterThread: Thread started: API Users 1-283
2026-05-28 16:34:15,101 INFO o.a.j.t.JMeterThread: Thread is done: API Users 1-281
2026-05-28 16:34:15,101 INFO o.a.j.t.JMeterThread: Thread finished: API Users 1-281
2026-05-28 16:34:15,108 INFO o.a.j.t.JMeterThread: Thread is done: API Users 1-282
2026-05-28 16:34:15,108 INFO o.a.j.t.JMeterThread: Thread finished: API Users 1-282
2026-05-28 16:34:15,116 INFO o.a.j.t.JMeterThread: Thread started: API Users 1-284
2026-05-28 16:34:15,118 INFO o.a.j.t.JMeterThread: Thread is done: API Users 1-283
2026-05-28 16:34:15,118 INFO o.a.j.t.JMeterThread: Thread finished: API Users 1-283
2026-05-28 16:34:15,123 INFO o.a.j.t.JMeterThread: Thread started: API Users 1-285
2026-05-28 16:34:15,134 INFO o.a.j.t.JMeterThread: Thread started: API Users 1-286
2026-05-28 16:34:15,135 INFO o.a.j.t.JMeterThread: Thread is done: API Users 1-284
2026-05-28 16:34:15,135 INFO o.a.j.t.JMeterThread: Thread finished: API Users 1-284
2026-05-28 16:34:15,143 INFO o.a.j.t.JMeterThread: Thread is done: API Users 1-285
2026-05-28 16:34:15,143 INFO o.a.j.t.JMeterThread: Thread finished: API Users 1-285
2026-05-28 16:34:15,145 INFO o.a.j.t.JMeterThread: Thread started: API Users 1-287
2026-05-28 16:34:15,155 INFO o.a.j.t.JMeterThread: Thread started: API Users 1-288
2026-05-28 16:34:15,157 INFO o.a.j.t.JMeterThread: Thread is done: API Users 1-286
2026-05-28 16:34:15,157 INFO o.a.j.t.JMeterThread: Thread finished: API Users 1-286
2026-05-28 16:34:15,164 INFO o.a.j.t.JMeterThread: Thread started: API Users 1-289
2026-05-28 16:34:15,167 INFO o.a.j.t.JMeterThread: Thread is done: API Users 1-287
2026-05-28 16:34:15,167 INFO o.a.j.t.JMeterThread: Thread finished: API Users 1-287
2026-05-28 16:34:15,174 INFO o.a.j.t.JMeterThread: Thread started: API Users 1-290
2026-05-28 16:34:15,175 INFO o.a.j.t.JMeterThread: Thread is done: API Users 1-288
2026-05-28 16:34:15,175 INFO o.a.j.t.JMeterThread: Thread finished: API Users 1-288
2026-05-28 16:34:15,181 INFO o.a.j.t.JMeterThread: Thread started: API Users 1-291
2026-05-28 16:34:15,185 INFO o.a.j.t.JMeterThread: Thread is done: API Users 1-289
2026-05-28 16:34:15,185 INFO o.a.j.t.JMeterThread: Thread finished: API Users 1-289
2026-05-28 16:34:15,191 INFO o.a.j.t.JMeterThread: Thread started: API Users 1-292
2026-05-28 16:34:15,194 INFO o.a.j.t.JMeterThread: Thread is done: API Users 1-290
2026-05-28 16:34:15,194 INFO o.a.j.t.JMeterThread: Thread finished: API Users 1-290
2026-05-28 16:34:15,202 INFO o.a.j.t.JMeterThread: Thread is done: API Users 1-291
2026-05-28 16:34:15,202 INFO o.a.j.t.JMeterThread: Thread finished: API Users 1-291
2026-05-28 16:34:15,204 INFO o.a.j.t.JMeterThread: Thread started: API Users 1-293
2026-05-28 16:34:15,210 INFO o.a.j.t.JMeterThread: Thread is done: API Users 1-292
2026-05-28 16:34:15,210 INFO o.a.j.t.JMeterThread: Thread finished: API Users 1-292
2026-05-28 16:34:15,215 INFO o.a.j.t.JMeterThread: Thread started: API Users 1-294
2026-05-28 16:34:15,225 INFO o.a.j.t.JMeterThread: Thread started: API Users 1-295
2026-05-28 16:34:15,235 INFO o.a.j.t.JMeterThread: Thread started: API Users 1-296
2026-05-28 16:34:15,237 INFO o.a.j.t.JMeterThread: Thread is done: API Users 1-293
2026-05-28 16:34:15,237 INFO o.a.j.t.JMeterThread: Thread finished: API Users 1-293
2026-05-28 16:34:15,245 INFO o.a.j.t.JMeterThread: Thread is done: API Users 1-294
2026-05-28 16:34:15,245 INFO o.a.j.t.JMeterThread: Thread finished: API Users 1-294
2026-05-28 16:34:15,245 INFO o.a.j.t.JMeterThread: Thread started: API Users 1-297
2026-05-28 16:34:15,247 INFO o.a.j.t.JMeterThread: Thread is done: API Users 1-295
2026-05-28 16:34:15,247 INFO o.a.j.t.JMeterThread: Thread finished: API Users 1-295
2026-05-28 16:34:15,251 INFO o.a.j.t.JMeterThread: Thread is done: API Users 1-296
2026-05-28 16:34:15,251 INFO o.a.j.t.JMeterThread: Thread finished: API Users 1-296
2026-05-28 16:34:15,252 INFO o.a.j.t.JMeterThread: Thread started: API Users 1-298
2026-05-28 16:34:15,261 INFO o.a.j.t.JMeterThread: Thread is done: API Users 1-297
2026-05-28 16:34:15,261 INFO o.a.j.t.JMeterThread: Thread finished: API Users 1-297
2026-05-28 16:34:15,261 INFO o.a.j.t.JMeterThread: Thread started: API Users 1-299
2026-05-28 16:34:15,268 INFO o.a.j.t.JMeterThread: Thread is done: API Users 1-298
2026-05-28 16:34:15,268 INFO o.a.j.t.JMeterThread: Thread finished: API Users 1-298
2026-05-28 16:34:15,272 INFO o.a.j.t.JMeterThread: Thread started: API Users 1-300
2026-05-28 16:34:15,276 INFO o.a.j.t.JMeterThread: Thread is done: API Users 1-299
2026-05-28 16:34:15,276 INFO o.a.j.t.JMeterThread: Thread finished: API Users 1-299
2026-05-28 16:34:15,285 INFO o.a.j.t.JMeterThread: Thread started: API Users 1-301
2026-05-28 16:34:15,287 INFO o.a.j.t.JMeterThread: Thread is done: API Users 1-300
2026-05-28 16:34:15,287 INFO o.a.j.t.JMeterThread: Thread finished: API Users 1-300
2026-05-28 16:34:15,291 INFO o.a.j.t.JMeterThread: Thread started: API Users 1-302
2026-05-28 16:34:15,302 INFO o.a.j.t.JMeterThread: Thread is done: API Users 1-301
2026-05-28 16:34:15,302 INFO o.a.j.t.JMeterThread: Thread finished: API Users 1-301
2026-05-28 16:34:15,304 INFO o.a.j.t.JMeterThread: Thread started: API Users 1-303
2026-05-28 16:34:15,309 INFO o.a.j.t.JMeterThread: Thread is done: API Users 1-302
2026-05-28 16:34:15,309 INFO o.a.j.t.JMeterThread: Thread finished: API Users 1-302
2026-05-28 16:34:15,315 INFO o.a.j.t.JMeterThread: Thread started: API Users 1-304
2026-05-28 16:34:15,320 INFO o.a.j.t.JMeterThread: Thread started: API Users 1-305
2026-05-28 16:34:15,323 INFO o.a.j.t.JMeterThread: Thread is done: API Users 1-303
2026-05-28 16:34:15,324 INFO o.a.j.t.JMeterThread: Thread finished: API Users 1-303
2026-05-28 16:34:15,331 INFO o.a.j.t.JMeterThread: Thread started: API Users 1-306
2026-05-28 16:34:15,334 INFO o.a.j.t.JMeterThread: Thread is done: API Users 1-304
2026-05-28 16:34:15,334 INFO o.a.j.t.JMeterThread: Thread finished: API Users 1-304
2026-05-28 16:34:15,337 INFO o.a.j.t.JMeterThread: Thread is done: API Users 1-305
2026-05-28 16:34:15,337 INFO o.a.j.t.JMeterThread: Thread finished: API Users 1-305
2026-05-28 16:34:15,344 INFO o.a.j.t.JMeterThread: Thread started: API Users 1-307
2026-05-28 16:34:15,348 INFO o.a.j.t.JMeterThread: Thread is done: API Users 1-306
2026-05-28 16:34:15,348 INFO o.a.j.t.JMeterThread: Thread finished: API Users 1-306
2026-05-28 16:34:15,350 INFO o.a.j.t.JMeterThread: Thread started: API Users 1-308
2026-05-28 16:34:15,362 INFO o.a.j.t.JMeterThread: Thread is done: API Users 1-307
2026-05-28 16:34:15,362 INFO o.a.j.t.JMeterThread: Thread finished: API Users 1-307
2026-05-28 16:34:15,364 INFO o.a.j.t.JMeterThread: Thread started: API Users 1-309
2026-05-28 16:34:15,372 INFO o.a.j.t.JMeterThread: Thread is done: API Users 1-308
2026-05-28 16:34:15,372 INFO o.a.j.t.JMeterThread: Thread finished: API Users 1-308
2026-05-28 16:34:15,374 INFO o.a.j.t.JMeterThread: Thread started: API Users 1-310
2026-05-28 16:34:15,380 INFO o.a.j.t.JMeterThread: Thread started: API Users 1-311
2026-05-28 16:34:15,383 INFO o.a.j.t.JMeterThread: Thread is done: API Users 1-309
2026-05-28 16:34:15,383 INFO o.a.j.t.JMeterThread: Thread finished: API Users 1-309
2026-05-28 16:34:15,393 INFO o.a.j.t.JMeterThread: Thread is done: API Users 1-310
2026-05-28 16:34:15,393 INFO o.a.j.t.JMeterThread: Thread finished: API Users 1-310
2026-05-28 16:34:15,395 INFO o.a.j.t.JMeterThread: Thread started: API Users 1-312
2026-05-28 16:34:15,402 INFO o.a.j.t.JMeterThread: Thread started: API Users 1-313
2026-05-28 16:34:15,403 INFO o.a.j.t.JMeterThread: Thread is done: API Users 1-311
2026-05-28 16:34:15,403 INFO o.a.j.t.JMeterThread: Thread finished: API Users 1-311
2026-05-28 16:34:15,410 INFO o.a.j.t.JMeterThread: Thread started: API Users 1-314
2026-05-28 16:34:15,413 INFO o.a.j.t.JMeterThread: Thread is done: API Users 1-312
2026-05-28 16:34:15,413 INFO o.a.j.t.JMeterThread: Thread finished: API Users 1-312
2026-05-28 16:34:15,418 INFO o.a.j.t.JMeterThread: Thread is done: API Users 1-313
2026-05-28 16:34:15,418 INFO o.a.j.t.JMeterThread: Thread finished: API Users 1-313
2026-05-28 16:34:15,424 INFO o.a.j.t.JMeterThread: Thread started: API Users 1-315
2026-05-28 16:34:15,426 INFO o.a.j.t.JMeterThread: Thread is done: API Users 1-314
2026-05-28 16:34:15,427 INFO o.a.j.t.JMeterThread: Thread finished: API Users 1-314
2026-05-28 16:34:15,431 INFO o.a.j.t.JMeterThread: Thread started: API Users 1-316
2026-05-28 16:34:15,438 INFO o.a.j.t.JMeterThread: Thread is done: API Users 1-315
2026-05-28 16:34:15,438 INFO o.a.j.t.JMeterThread: Thread finished: API Users 1-315
2026-05-28 16:34:15,440 INFO o.a.j.t.JMeterThread: Thread started: API Users 1-317
2026-05-28 16:34:15,445 INFO o.a.j.t.JMeterThread: Thread is done: API Users 1-316
2026-05-28 16:34:15,445 INFO o.a.j.t.JMeterThread: Thread finished: API Users 1-316
2026-05-28 16:34:15,452 INFO o.a.j.t.JMeterThread: Thread started: API Users 1-318
2026-05-28 16:34:15,454 INFO o.a.j.t.JMeterThread: Thread is done: API Users 1-317
2026-05-28 16:34:15,454 INFO o.a.j.t.JMeterThread: Thread finished: API Users 1-317
2026-05-28 16:34:15,461 INFO o.a.j.t.JMeterThread: Thread started: API Users 1-319
2026-05-28 16:34:15,468 INFO o.a.j.t.JMeterThread: Thread is done: API Users 1-318
2026-05-28 16:34:15,468 INFO o.a.j.t.JMeterThread: Thread finished: API Users 1-318
2026-05-28 16:34:15,472 INFO o.a.j.t.JMeterThread: Thread started: API Users 1-320
2026-05-28 16:34:15,477 INFO o.a.j.t.JMeterThread: Thread is done: API Users 1-319
2026-05-28 16:34:15,477 INFO o.a.j.t.JMeterThread: Thread finished: API Users 1-319
2026-05-28 16:34:15,483 INFO o.a.j.t.JMeterThread: Thread started: API Users 1-321
2026-05-28 16:34:15,487 INFO o.a.j.t.JMeterThread: Thread is done: API Users 1-320
2026-05-28 16:34:15,487 INFO o.a.j.t.JMeterThread: Thread finished: API Users 1-320
2026-05-28 16:34:15,495 INFO o.a.j.t.JMeterThread: Thread started: API Users 1-322
2026-05-28 16:34:15,497 INFO o.a.j.t.JMeterThread: Thread is done: API Users 1-321
2026-05-28 16:34:15,498 INFO o.a.j.t.JMeterThread: Thread finished: API Users 1-321
2026-05-28 16:34:15,503 INFO o.a.j.t.JMeterThread: Thread started: API Users 1-323
2026-05-28 16:34:15,511 INFO o.a.j.t.JMeterThread: Thread is done: API Users 1-322
2026-05-28 16:34:15,511 INFO o.a.j.t.JMeterThread: Thread finished: API Users 1-322
2026-05-28 16:34:15,513 INFO o.a.j.t.JMeterThread: Thread started: API Users 1-324
2026-05-28 16:34:15,519 INFO o.a.j.t.JMeterThread: Thread is done: API Users 1-323
2026-05-28 16:34:15,519 INFO o.a.j.t.JMeterThread: Thread finished: API Users 1-323
2026-05-28 16:34:15,524 INFO o.a.j.t.JMeterThread: Thread started: API Users 1-325
2026-05-28 16:34:15,529 INFO o.a.j.t.JMeterThread: Thread is done: API Users 1-324
2026-05-28 16:34:15,529 INFO o.a.j.t.JMeterThread: Thread finished: API Users 1-324
2026-05-28 16:34:15,533 INFO o.a.j.t.JMeterThread: Thread started: API Users 1-326
2026-05-28 16:34:15,540 INFO o.a.j.t.JMeterThread: Thread is done: API Users 1-325
2026-05-28 16:34:15,540 INFO o.a.j.t.JMeterThread: Thread finished: API Users 1-325
2026-05-28 16:34:15,543 INFO o.a.j.t.JMeterThread: Thread started: API Users 1-327
2026-05-28 16:34:15,548 INFO o.a.j.t.JMeterThread: Thread is done: API Users 1-326
2026-05-28 16:34:15,548 INFO o.a.j.t.JMeterThread: Thread finished: API Users 1-326
2026-05-28 16:34:15,555 INFO o.a.j.t.JMeterThread: Thread started: API Users 1-328
2026-05-28 16:34:15,559 INFO o.a.j.t.JMeterThread: Thread is done: API Users 1-327
2026-05-28 16:34:15,559 INFO o.a.j.t.JMeterThread: Thread finished: API Users 1-327
2026-05-28 16:34:15,565 INFO o.a.j.t.JMeterThread: Thread started: API Users 1-329
2026-05-28 16:34:15,573 INFO o.a.j.t.JMeterThread: Thread is done: API Users 1-328
2026-05-28 16:34:15,573 INFO o.a.j.t.JMeterThread: Thread finished: API Users 1-328
2026-05-28 16:34:15,574 INFO o.a.j.t.JMeterThread: Thread started: API Users 1-330
2026-05-28 16:34:15,582 INFO o.a.j.t.JMeterThread: Thread started: API Users 1-331
2026-05-28 16:34:15,584 INFO o.a.j.t.JMeterThread: Thread is done: API Users 1-329
2026-05-28 16:34:15,584 INFO o.a.j.t.JMeterThread: Thread finished: API Users 1-329
2026-05-28 16:34:15,591 INFO o.a.j.t.JMeterThread: Thread is done: API Users 1-330
2026-05-28 16:34:15,591 INFO o.a.j.t.JMeterThread: Thread finished: API Users 1-330
2026-05-28 16:34:15,594 INFO o.a.j.t.JMeterThread: Thread started: API Users 1-332
2026-05-28 16:34:15,598 INFO o.a.j.t.JMeterThread: Thread is done: API Users 1-331
2026-05-28 16:34:15,598 INFO o.a.j.t.JMeterThread: Thread finished: API Users 1-331
2026-05-28 16:34:15,605 INFO o.a.j.t.JMeterThread: Thread started: API Users 1-333
2026-05-28 16:34:15,610 INFO o.a.j.t.JMeterThread: Thread is done: API Users 1-332
2026-05-28 16:34:15,610 INFO o.a.j.t.JMeterThread: Thread finished: API Users 1-332
2026-05-28 16:34:15,612 INFO o.a.j.t.JMeterThread: Thread started: API Users 1-334
2026-05-28 16:34:15,623 INFO o.a.j.t.JMeterThread: Thread is done: API Users 1-333
2026-05-28 16:34:15,623 INFO o.a.j.t.JMeterThread: Thread finished: API Users 1-333
2026-05-28 16:34:15,624 INFO o.a.j.t.JMeterThread: Thread started: API Users 1-335
2026-05-28 16:34:15,631 INFO o.a.j.t.JMeterThread: Thread is done: API Users 1-334
2026-05-28 16:34:15,631 INFO o.a.j.t.JMeterThread: Thread finished: API Users 1-334
2026-05-28 16:34:15,633 INFO o.a.j.t.JMeterThread: Thread started: API Users 1-336
2026-05-28 16:34:15,640 INFO o.a.j.t.JMeterThread: Thread started: API Users 1-337
2026-05-28 16:34:15,642 INFO o.a.j.t.JMeterThread: Thread is done: API Users 1-335
2026-05-28 16:34:15,642 INFO o.a.j.t.JMeterThread: Thread finished: API Users 1-335
2026-05-28 16:34:15,649 INFO o.a.j.t.JMeterThread: Thread is done: API Users 1-336
2026-05-28 16:34:15,649 INFO o.a.j.t.JMeterThread: Thread finished: API Users 1-336
2026-05-28 16:34:15,650 INFO o.a.j.t.JMeterThread: Thread started: API Users 1-338
2026-05-28 16:34:15,659 INFO o.a.j.t.JMeterThread: Thread is done: API Users 1-337
2026-05-28 16:34:15,659 INFO o.a.j.t.JMeterThread: Thread finished: API Users 1-337
2026-05-28 16:34:15,665 INFO o.a.j.t.JMeterThread: Thread started: API Users 1-339
2026-05-28 16:34:15,670 INFO o.a.j.t.JMeterThread: Thread is done: API Users 1-338
2026-05-28 16:34:15,670 INFO o.a.j.t.JMeterThread: Thread finished: API Users 1-338
2026-05-28 16:34:15,671 INFO o.a.j.t.JMeterThread: Thread started: API Users 1-340
2026-05-28 16:34:15,685 INFO o.a.j.t.JMeterThread: Thread started: API Users 1-341
2026-05-28 16:34:15,686 INFO o.a.j.t.JMeterThread: Thread is done: API Users 1-339
2026-05-28 16:34:15,686 INFO o.a.j.t.JMeterThread: Thread finished: API Users 1-339
2026-05-28 16:34:15,692 INFO o.a.j.t.JMeterThread: Thread is done: API Users 1-340
2026-05-28 16:34:15,692 INFO o.a.j.t.JMeterThread: Thread finished: API Users 1-340
2026-05-28 16:34:15,696 INFO o.a.j.t.JMeterThread: Thread started: API Users 1-342
2026-05-28 16:34:15,706 INFO o.a.j.t.JMeterThread: Thread is done: API Users 1-341
2026-05-28 16:34:15,706 INFO o.a.j.t.JMeterThread: Thread started: API Users 1-343
2026-05-28 16:34:15,706 INFO o.a.j.t.JMeterThread: Thread finished: API Users 1-341
2026-05-28 16:34:15,710 INFO o.a.j.t.JMeterThread: Thread started: API Users 1-344
2026-05-28 16:34:15,716 INFO o.a.j.t.JMeterThread: Thread is done: API Users 1-342
2026-05-28 16:34:15,716 INFO o.a.j.t.JMeterThread: Thread finished: API Users 1-342
2026-05-28 16:34:15,723 INFO o.a.j.t.JMeterThread: Thread started: API Users 1-345
2026-05-28 16:34:15,732 INFO o.a.j.t.JMeterThread: Thread started: API Users 1-346
2026-05-28 16:34:15,734 INFO o.a.j.t.JMeterThread: Thread is done: API Users 1-343
2026-05-28 16:34:15,734 INFO o.a.j.t.JMeterThread: Thread finished: API Users 1-343
2026-05-28 16:34:15,740 INFO o.a.j.t.JMeterThread: Thread is done: API Users 1-344
2026-05-28 16:34:15,740 INFO o.a.j.t.JMeterThread: Thread finished: API Users 1-344
2026-05-28 16:34:15,743 INFO o.a.j.t.JMeterThread: Thread started: API Users 1-347
2026-05-28 16:34:15,751 INFO o.a.j.t.JMeterThread: Thread is done: API Users 1-345
2026-05-28 16:34:15,751 INFO o.a.j.t.JMeterThread: Thread finished: API Users 1-345
2026-05-28 16:34:15,752 INFO o.a.j.t.JMeterThread: Thread started: API Users 1-348
2026-05-28 16:34:15,758 INFO o.a.j.t.JMeterThread: Thread is done: API Users 1-346
2026-05-28 16:34:15,758 INFO o.a.j.t.JMeterThread: Thread finished: API Users 1-346
2026-05-28 16:34:15,761 INFO o.a.j.t.JMeterThread: Thread started: API Users 1-349
2026-05-28 16:34:15,768 INFO o.a.j.t.JMeterThread: Thread is done: API Users 1-347
2026-05-28 16:34:15,768 INFO o.a.j.t.JMeterThread: Thread finished: API Users 1-347
2026-05-28 16:34:15,772 INFO o.a.j.t.JMeterThread: Thread is done: API Users 1-348
2026-05-28 16:34:15,772 INFO o.a.j.t.JMeterThread: Thread finished: API Users 1-348
2026-05-28 16:34:15,774 INFO o.a.j.t.JMeterThread: Thread started: API Users 1-350
2026-05-28 16:34:15,777 INFO o.a.j.t.JMeterThread: Thread is done: API Users 1-349
2026-05-28 16:34:15,777 INFO o.a.j.t.JMeterThread: Thread finished: API Users 1-349
2026-05-28 16:34:15,782 INFO o.a.j.t.JMeterThread: Thread started: API Users 1-351
2026-05-28 16:34:15,788 INFO o.a.j.t.JMeterThread: Thread is done: API Users 1-350
2026-05-28 16:34:15,788 INFO o.a.j.t.JMeterThread: Thread finished: API Users 1-350
2026-05-28 16:34:15,791 INFO o.a.j.t.JMeterThread: Thread started: API Users 1-352
2026-05-28 16:34:15,798 INFO o.a.j.t.JMeterThread: Thread is done: API Users 1-351
2026-05-28 16:34:15,798 INFO o.a.j.t.JMeterThread: Thread finished: API Users 1-351
2026-05-28 16:34:15,802 INFO o.a.j.t.JMeterThread: Thread started: API Users 1-353
2026-05-28 16:34:15,807 INFO o.a.j.t.JMeterThread: Thread is done: API Users 1-352
2026-05-28 16:34:15,807 INFO o.a.j.t.JMeterThread: Thread finished: API Users 1-352
2026-05-28 16:34:15,815 INFO o.a.j.t.JMeterThread: Thread started: API Users 1-354
2026-05-28 16:34:15,817 INFO o.a.j.t.JMeterThread: Thread is done: API Users 1-353
2026-05-28 16:34:15,817 INFO o.a.j.t.JMeterThread: Thread finished: API Users 1-353
2026-05-28 16:34:15,822 INFO o.a.j.t.JMeterThread: Thread started: API Users 1-355
2026-05-28 16:34:15,831 INFO o.a.j.t.JMeterThread: Thread is done: API Users 1-354
2026-05-28 16:34:15,831 INFO o.a.j.t.JMeterThread: Thread finished: API Users 1-354
2026-05-28 16:34:15,836 INFO o.a.j.t.JMeterThread: Thread started: API Users 1-356
2026-05-28 16:34:15,837 INFO o.a.j.t.JMeterThread: Thread is done: API Users 1-355
2026-05-28 16:34:15,837 INFO o.a.j.t.JMeterThread: Thread finished: API Users 1-355
2026-05-28 16:34:15,845 INFO o.a.j.t.JMeterThread: Thread started: API Users 1-357
2026-05-28 16:34:15,850 INFO o.a.j.t.JMeterThread: Thread is done: API Users 1-356
2026-05-28 16:34:15,850 INFO o.a.j.t.JMeterThread: Thread finished: API Users 1-356
2026-05-28 16:34:15,855 INFO o.a.j.t.JMeterThread: Thread started: API Users 1-358
2026-05-28 16:34:15,862 INFO o.a.j.t.JMeterThread: Thread is done: API Users 1-357
2026-05-28 16:34:15,862 INFO o.a.j.t.JMeterThread: Thread finished: API Users 1-357
2026-05-28 16:34:15,865 INFO o.a.j.t.JMeterThread: Thread started: API Users 1-359
2026-05-28 16:34:15,871 INFO o.a.j.t.JMeterThread: Thread is done: API Users 1-358
2026-05-28 16:34:15,871 INFO o.a.j.t.JMeterThread: Thread finished: API Users 1-358
2026-05-28 16:34:15,874 INFO o.a.j.t.JMeterThread: Thread started: API Users 1-360
2026-05-28 16:34:15,881 INFO o.a.j.t.JMeterThread: Thread is done: API Users 1-359
2026-05-28 16:34:15,881 INFO o.a.j.t.JMeterThread: Thread finished: API Users 1-359
2026-05-28 16:34:15,881 INFO o.a.j.t.JMeterThread: Thread started: API Users 1-361
2026-05-28 16:34:15,890 INFO o.a.j.t.JMeterThread: Thread is done: API Users 1-360
2026-05-28 16:34:15,890 INFO o.a.j.t.JMeterThread: Thread finished: API Users 1-360
2026-05-28 16:34:15,892 INFO o.a.j.t.JMeterThread: Thread started: API Users 1-362
2026-05-28 16:34:15,899 INFO o.a.j.t.JMeterThread: Thread is done: API Users 1-361
2026-05-28 16:34:15,899 INFO o.a.j.t.JMeterThread: Thread finished: API Users 1-361
2026-05-28 16:34:15,905 INFO o.a.j.t.JMeterThread: Thread started: API Users 1-363
2026-05-28 16:34:15,909 INFO o.a.j.t.JMeterThread: Thread is done: API Users 1-362
2026-05-28 16:34:15,909 INFO o.a.j.t.JMeterThread: Thread finished: API Users 1-362
2026-05-28 16:34:15,914 INFO o.a.j.t.JMeterThread: Thread started: API Users 1-364
2026-05-28 16:34:15,920 INFO o.a.j.t.JMeterThread: Thread is done: API Users 1-363
2026-05-28 16:34:15,920 INFO o.a.j.t.JMeterThread: Thread finished: API Users 1-363
2026-05-28 16:34:15,924 INFO o.a.j.t.JMeterThread: Thread started: API Users 1-365
2026-05-28 16:34:15,930 INFO o.a.j.t.JMeterThread: Thread is done: API Users 1-364
2026-05-28 16:34:15,930 INFO o.a.j.t.JMeterThread: Thread finished: API Users 1-364
2026-05-28 16:34:15,932 INFO o.a.j.t.JMeterThread: Thread started: API Users 1-366
2026-05-28 16:34:15,940 INFO o.a.j.t.JMeterThread: Thread is done: API Users 1-365
2026-05-28 16:34:15,940 INFO o.a.j.t.JMeterThread: Thread finished: API Users 1-365
2026-05-28 16:34:15,943 INFO o.a.j.t.JMeterThread: Thread started: API Users 1-367
2026-05-28 16:34:15,949 INFO o.a.j.t.JMeterThread: Thread is done: API Users 1-366
2026-05-28 16:34:15,949 INFO o.a.j.t.JMeterThread: Thread finished: API Users 1-366
2026-05-28 16:34:15,952 INFO o.a.j.t.JMeterThread: Thread started: API Users 1-368
2026-05-28 16:34:15,960 INFO o.a.j.t.JMeterThread: Thread is done: API Users 1-367
2026-05-28 16:34:15,960 INFO o.a.j.t.JMeterThread: Thread finished: API Users 1-367
2026-05-28 16:34:15,965 INFO o.a.j.t.JMeterThread: Thread started: API Users 1-369
2026-05-28 16:34:15,968 INFO o.a.j.t.JMeterThread: Thread is done: API Users 1-368
2026-05-28 16:34:15,968 INFO o.a.j.t.JMeterThread: Thread finished: API Users 1-368
2026-05-28 16:34:15,973 INFO o.a.j.t.JMeterThread: Thread started: API Users 1-370
2026-05-28 16:34:15,982 INFO o.a.j.t.JMeterThread: Thread is done: API Users 1-369
2026-05-28 16:34:15,982 INFO o.a.j.t.JMeterThread: Thread finished: API Users 1-369
2026-05-28 16:34:15,983 INFO o.a.j.t.JMeterThread: Thread started: API Users 1-371
2026-05-28 16:34:15,990 INFO o.a.j.t.JMeterThread: Thread is done: API Users 1-370
2026-05-28 16:34:15,990 INFO o.a.j.t.JMeterThread: Thread finished: API Users 1-370
2026-05-28 16:34:15,991 INFO o.a.j.t.JMeterThread: Thread started: API Users 1-372
2026-05-28 16:34:16,000 INFO o.a.j.t.JMeterThread: Thread is done: API Users 1-371
2026-05-28 16:34:16,000 INFO o.a.j.t.JMeterThread: Thread finished: API Users 1-371
2026-05-28 16:34:16,005 INFO o.a.j.t.JMeterThread: Thread started: API Users 1-373
2026-05-28 16:34:16,008 INFO o.a.j.t.JMeterThread: Thread is done: API Users 1-372
2026-05-28 16:34:16,008 INFO o.a.j.t.JMeterThread: Thread finished: API Users 1-372
2026-05-28 16:34:16,011 INFO o.a.j.t.JMeterThread: Thread started: API Users 1-374
2026-05-28 16:34:16,021 INFO o.a.j.t.JMeterThread: Thread is done: API Users 1-373
2026-05-28 16:34:16,021 INFO o.a.j.t.JMeterThread: Thread finished: API Users 1-373
2026-05-28 16:34:16,022 INFO o.a.j.t.JMeterThread: Thread started: API Users 1-375
2026-05-28 16:34:16,027 INFO o.a.j.t.JMeterThread: Thread is done: API Users 1-374
2026-05-28 16:34:16,027 INFO o.a.j.t.JMeterThread: Thread finished: API Users 1-374
2026-05-28 16:34:16,033 INFO o.a.j.t.JMeterThread: Thread started: API Users 1-376
2026-05-28 16:34:16,037 INFO o.a.j.t.JMeterThread: Thread is done: API Users 1-375
2026-05-28 16:34:16,037 INFO o.a.j.t.JMeterThread: Thread finished: API Users 1-375
2026-05-28 16:34:16,041 INFO o.a.j.t.JMeterThread: Thread started: API Users 1-377
2026-05-28 16:34:16,048 INFO o.a.j.t.JMeterThread: Thread is done: API Users 1-376
2026-05-28 16:34:16,048 INFO o.a.j.t.JMeterThread: Thread finished: API Users 1-376
2026-05-28 16:34:16,052 INFO o.a.j.t.JMeterThread: Thread started: API Users 1-378
2026-05-28 16:34:16,057 INFO o.a.j.t.JMeterThread: Thread is done: API Users 1-377
2026-05-28 16:34:16,057 INFO o.a.j.t.JMeterThread: Thread finished: API Users 1-377
2026-05-28 16:34:16,062 INFO o.a.j.t.JMeterThread: Thread started: API Users 1-379
2026-05-28 16:34:16,068 INFO o.a.j.t.JMeterThread: Thread is done: API Users 1-378
2026-05-28 16:34:16,068 INFO o.a.j.t.JMeterThread: Thread finished: API Users 1-378
2026-05-28 16:34:16,074 INFO o.a.j.t.JMeterThread: Thread started: API Users 1-380
2026-05-28 16:34:16,078 INFO o.a.j.t.JMeterThread: Thread is done: API Users 1-379
2026-05-28 16:34:16,078 INFO o.a.j.t.JMeterThread: Thread finished: API Users 1-379
2026-05-28 16:34:16,080 INFO o.a.j.t.JMeterThread: Thread started: API Users 1-381
2026-05-28 16:34:16,092 INFO o.a.j.t.JMeterThread: Thread is done: API Users 1-380
2026-05-28 16:34:16,092 INFO o.a.j.t.JMeterThread: Thread finished: API Users 1-380
2026-05-28 16:34:16,095 INFO o.a.j.t.JMeterThread: Thread started: API Users 1-382
2026-05-28 16:34:16,098 INFO o.a.j.t.JMeterThread: Thread is done: API Users 1-381
2026-05-28 16:34:16,098 INFO o.a.j.t.JMeterThread: Thread finished: API Users 1-381
2026-05-28 16:34:16,102 INFO o.a.j.t.JMeterThread: Thread started: API Users 1-383
2026-05-28 16:34:16,112 INFO o.a.j.t.JMeterThread: Thread is done: API Users 1-382
2026-05-28 16:34:16,113 INFO o.a.j.t.JMeterThread: Thread finished: API Users 1-382
2026-05-28 16:34:16,115 INFO o.a.j.t.JMeterThread: Thread started: API Users 1-384
2026-05-28 16:34:16,118 INFO o.a.j.t.JMeterThread: Thread is done: API Users 1-383
2026-05-28 16:34:16,118 INFO o.a.j.t.JMeterThread: Thread finished: API Users 1-383
2026-05-28 16:34:16,124 INFO o.a.j.t.JMeterThread: Thread started: API Users 1-385
2026-05-28 16:34:16,131 INFO o.a.j.t.JMeterThread: Thread started: API Users 1-386
2026-05-28 16:34:16,134 INFO o.a.j.t.JMeterThread: Thread is done: API Users 1-384
2026-05-28 16:34:16,134 INFO o.a.j.t.JMeterThread: Thread finished: API Users 1-384
2026-05-28 16:34:16,141 INFO o.a.j.t.JMeterThread: Thread started: API Users 1-387
2026-05-28 16:34:16,144 INFO o.a.j.t.JMeterThread: Thread is done: API Users 1-385
2026-05-28 16:34:16,144 INFO o.a.j.t.JMeterThread: Thread finished: API Users 1-385
2026-05-28 16:34:16,151 INFO o.a.j.t.JMeterThread: Thread is done: API Users 1-386
2026-05-28 16:34:16,151 INFO o.a.j.t.JMeterThread: Thread finished: API Users 1-386
2026-05-28 16:34:16,155 INFO o.a.j.t.JMeterThread: Thread started: API Users 1-388
2026-05-28 16:34:16,160 INFO o.a.j.t.JMeterThread: Thread is done: API Users 1-387
2026-05-28 16:34:16,160 INFO o.a.j.t.JMeterThread: Thread finished: API Users 1-387
2026-05-28 16:34:16,165 INFO o.a.j.t.JMeterThread: Thread started: API Users 1-389
2026-05-28 16:34:16,172 INFO o.a.j.t.JMeterThread: Thread started: API Users 1-390
2026-05-28 16:34:16,172 INFO o.a.j.t.JMeterThread: Thread is done: API Users 1-388
2026-05-28 16:34:16,173 INFO o.a.j.t.JMeterThread: Thread finished: API Users 1-388
2026-05-28 16:34:16,180 INFO o.a.j.t.JMeterThread: Thread started: API Users 1-391
2026-05-28 16:34:16,180 INFO o.a.j.t.JMeterThread: Thread is done: API Users 1-389
2026-05-28 16:34:16,181 INFO o.a.j.t.JMeterThread: Thread finished: API Users 1-389
2026-05-28 16:34:16,188 INFO o.a.j.t.JMeterThread: Thread is done: API Users 1-390
2026-05-28 16:34:16,188 INFO o.a.j.t.JMeterThread: Thread finished: API Users 1-390
2026-05-28 16:34:16,191 INFO o.a.j.t.JMeterThread: Thread started: API Users 1-392
2026-05-28 16:34:16,196 INFO o.a.j.t.JMeterThread: Thread is done: API Users 1-391
2026-05-28 16:34:16,196 INFO o.a.j.t.JMeterThread: Thread finished: API Users 1-391
2026-05-28 16:34:16,202 INFO o.a.j.t.JMeterThread: Thread started: API Users 1-393
2026-05-28 16:34:16,206 INFO o.a.j.t.JMeterThread: Thread is done: API Users 1-392
2026-05-28 16:34:16,206 INFO o.a.j.t.JMeterThread: Thread finished: API Users 1-392
2026-05-28 16:34:16,214 INFO o.a.j.t.JMeterThread: Thread started: API Users 1-394
2026-05-28 16:34:16,219 INFO o.a.j.t.JMeterThread: Thread is done: API Users 1-393
2026-05-28 16:34:16,219 INFO o.a.j.t.JMeterThread: Thread finished: API Users 1-393
2026-05-28 16:34:16,220 INFO o.a.j.t.JMeterThread: Thread started: API Users 1-395
2026-05-28 16:34:16,231 INFO o.a.j.t.JMeterThread: Thread started: API Users 1-396
2026-05-28 16:34:16,240 INFO o.a.j.t.JMeterThread: Thread started: API Users 1-397
2026-05-28 16:34:16,243 INFO o.a.j.t.JMeterThread: Thread is done: API Users 1-394
2026-05-28 16:34:16,243 INFO o.a.j.t.JMeterThread: Thread finished: API Users 1-394
2026-05-28 16:34:16,250 INFO o.a.j.t.JMeterThread: Thread is done: API Users 1-395
2026-05-28 16:34:16,250 INFO o.a.j.t.JMeterThread: Thread finished: API Users 1-395
2026-05-28 16:34:16,252 INFO o.a.j.t.JMeterThread: Thread is done: API Users 1-396
2026-05-28 16:34:16,252 INFO o.a.j.t.JMeterThread: Thread finished: API Users 1-396
2026-05-28 16:34:16,254 INFO o.a.j.t.JMeterThread: Thread started: API Users 1-398
2026-05-28 16:34:16,261 INFO o.a.j.t.JMeterThread: Thread is done: API Users 1-397
2026-05-28 16:34:16,261 INFO o.a.j.t.JMeterThread: Thread finished: API Users 1-397
2026-05-28 16:34:16,262 INFO o.a.j.t.JMeterThread: Thread started: API Users 1-399
2026-05-28 16:34:16,273 INFO o.a.j.t.JMeterThread: Thread is done: API Users 1-398
2026-05-28 16:34:16,273 INFO o.a.j.t.JMeterThread: Thread finished: API Users 1-398
2026-05-28 16:34:16,273 INFO o.a.j.t.JMeterThread: Thread started: API Users 1-400
2026-05-28 16:34:16,280 INFO o.a.j.t.JMeterThread: Thread is done: API Users 1-399
2026-05-28 16:34:16,280 INFO o.a.j.t.JMeterThread: Thread finished: API Users 1-399
2026-05-28 16:34:16,281 INFO o.a.j.t.JMeterThread: Thread started: API Users 1-401
2026-05-28 16:34:16,290 INFO o.a.j.t.JMeterThread: Thread is done: API Users 1-400
2026-05-28 16:34:16,290 INFO o.a.j.t.JMeterThread: Thread finished: API Users 1-400
2026-05-28 16:34:16,294 INFO o.a.j.t.JMeterThread: Thread started: API Users 1-402
2026-05-28 16:34:16,298 INFO o.a.j.t.JMeterThread: Thread is done: API Users 1-401
2026-05-28 16:34:16,298 INFO o.a.j.t.JMeterThread: Thread finished: API Users 1-401
2026-05-28 16:34:16,305 INFO o.a.j.t.JMeterThread: Thread started: API Users 1-403
2026-05-28 16:34:16,311 INFO o.a.j.t.JMeterThread: Thread started: API Users 1-404
2026-05-28 16:34:16,312 INFO o.a.j.t.JMeterThread: Thread is done: API Users 1-402
2026-05-28 16:34:16,312 INFO o.a.j.t.JMeterThread: Thread finished: API Users 1-402
2026-05-28 16:34:16,321 INFO o.a.j.t.JMeterThread: Thread is done: API Users 1-403
2026-05-28 16:34:16,321 INFO o.a.j.t.JMeterThread: Thread finished: API Users 1-403
2026-05-28 16:34:16,325 INFO o.a.j.t.JMeterThread: Thread started: API Users 1-405
2026-05-28 16:34:16,327 INFO o.a.j.t.JMeterThread: Thread is done: API Users 1-404
2026-05-28 16:34:16,327 INFO o.a.j.t.JMeterThread: Thread finished: API Users 1-404
2026-05-28 16:34:16,334 INFO o.a.j.t.JMeterThread: Thread started: API Users 1-406
2026-05-28 16:34:16,342 INFO o.a.j.t.JMeterThread: Thread is done: API Users 1-405
2026-05-28 16:34:16,342 INFO o.a.j.t.JMeterThread: Thread finished: API Users 1-405
2026-05-28 16:34:16,344 INFO o.a.j.t.JMeterThread: Thread started: API Users 1-407
2026-05-28 16:34:16,350 INFO o.a.j.t.JMeterThread: Thread is done: API Users 1-406
2026-05-28 16:34:16,350 INFO o.a.j.t.JMeterThread: Thread finished: API Users 1-406
2026-05-28 16:34:16,351 INFO o.a.j.t.JMeterThread: Thread started: API Users 1-408
2026-05-28 16:34:16,361 INFO o.a.j.t.JMeterThread: Thread is done: API Users 1-407
2026-05-28 16:34:16,361 INFO o.a.j.t.JMeterThread: Thread finished: API Users 1-407
2026-05-28 16:34:16,362 INFO o.a.j.t.JMeterThread: Thread started: API Users 1-409
2026-05-28 16:34:16,372 INFO o.a.j.t.JMeterThread: Thread is done: API Users 1-408
2026-05-28 16:34:16,372 INFO o.a.j.t.JMeterThread: Thread finished: API Users 1-408
2026-05-28 16:34:16,375 INFO o.a.j.t.JMeterThread: Thread started: API Users 1-410
2026-05-28 16:34:16,381 INFO o.a.j.t.JMeterThread: Thread started: API Users 1-411
2026-05-28 16:34:16,381 INFO o.a.j.t.JMeterThread: Thread is done: API Users 1-409
2026-05-28 16:34:16,381 INFO o.a.j.t.JMeterThread: Thread finished: API Users 1-409
2026-05-28 16:34:16,391 INFO o.a.j.t.JMeterThread: Thread started: API Users 1-412
2026-05-28 16:34:16,395 INFO o.a.j.t.JMeterThread: Thread is done: API Users 1-410
2026-05-28 16:34:16,395 INFO o.a.j.t.JMeterThread: Thread finished: API Users 1-410
2026-05-28 16:34:16,402 INFO o.a.j.t.JMeterThread: Thread is done: API Users 1-411
2026-05-28 16:34:16,402 INFO o.a.j.t.JMeterThread: Thread finished: API Users 1-411
2026-05-28 16:34:16,403 INFO o.a.j.t.JMeterThread: Thread started: API Users 1-413
2026-05-28 16:34:16,410 INFO o.a.j.t.JMeterThread: Thread started: API Users 1-414
2026-05-28 16:34:16,424 INFO o.a.j.t.JMeterThread: Thread is done: API Users 1-412
2026-05-28 16:34:16,424 INFO o.a.j.t.JMeterThread: Thread finished: API Users 1-412
2026-05-28 16:34:16,427 INFO o.a.j.t.JMeterThread: Thread started: API Users 1-415
2026-05-28 16:34:16,432 INFO o.a.j.t.JMeterThread: Thread started: API Users 1-416
2026-05-28 16:34:16,442 INFO o.a.j.t.JMeterThread: Thread is done: API Users 1-413
2026-05-28 16:34:16,442 INFO o.a.j.t.JMeterThread: Thread finished: API Users 1-413
2026-05-28 16:34:16,443 INFO o.a.j.t.JMeterThread: Thread started: API Users 1-417
2026-05-28 16:34:16,447 INFO o.a.j.t.JMeterThread: Thread is done: API Users 1-414
2026-05-28 16:34:16,447 INFO o.a.j.t.JMeterThread: Thread finished: API Users 1-414
2026-05-28 16:34:16,451 INFO o.a.j.t.JMeterThread: Thread started: API Users 1-418
2026-05-28 16:34:16,454 INFO o.a.j.t.JMeterThread: Thread is done: API Users 1-415
2026-05-28 16:34:16,454 INFO o.a.j.t.JMeterThread: Thread finished: API Users 1-415
2026-05-28 16:34:16,456 INFO o.a.j.t.JMeterThread: Thread is done: API Users 1-416
2026-05-28 16:34:16,457 INFO o.a.j.t.JMeterThread: Thread finished: API Users 1-416
2026-05-28 16:34:16,460 INFO o.a.j.t.JMeterThread: Thread started: API Users 1-419
2026-05-28 16:34:16,464 INFO o.a.j.t.JMeterThread: Thread is done: API Users 1-417
2026-05-28 16:34:16,464 INFO o.a.j.t.JMeterThread: Thread finished: API Users 1-417
2026-05-28 16:34:16,470 INFO o.a.j.t.JMeterThread: Thread is done: API Users 1-418
2026-05-28 16:34:16,470 INFO o.a.j.t.JMeterThread: Thread finished: API Users 1-418
2026-05-28 16:34:16,471 INFO o.a.j.t.JMeterThread: Thread started: API Users 1-420
2026-05-28 16:34:16,476 INFO o.a.j.t.JMeterThread: Thread is done: API Users 1-419
2026-05-28 16:34:16,476 INFO o.a.j.t.JMeterThread: Thread finished: API Users 1-419
2026-05-28 16:34:16,480 INFO o.a.j.t.JMeterThread: Thread started: API Users 1-421
2026-05-28 16:34:16,486 INFO o.a.j.t.JMeterThread: Thread is done: API Users 1-420
2026-05-28 16:34:16,486 INFO o.a.j.t.JMeterThread: Thread finished: API Users 1-420
2026-05-28 16:34:16,493 INFO o.a.j.t.JMeterThread: Thread started: API Users 1-422
2026-05-28 16:34:16,493 INFO o.a.j.t.JMeterThread: Thread is done: API Users 1-421
2026-05-28 16:34:16,493 INFO o.a.j.t.JMeterThread: Thread finished: API Users 1-421
2026-05-28 16:34:16,501 INFO o.a.j.t.JMeterThread: Thread started: API Users 1-423
2026-05-28 16:34:16,508 INFO o.a.j.t.JMeterThread: Thread is done: API Users 1-422
2026-05-28 16:34:16,508 INFO o.a.j.t.JMeterThread: Thread finished: API Users 1-422
2026-05-28 16:34:16,512 INFO o.a.j.t.JMeterThread: Thread started: API Users 1-424
2026-05-28 16:34:16,515 INFO o.a.j.t.JMeterThread: Thread is done: API Users 1-423
2026-05-28 16:34:16,515 INFO o.a.j.t.JMeterThread: Thread finished: API Users 1-423
2026-05-28 16:34:16,521 INFO o.a.j.t.JMeterThread: Thread started: API Users 1-425
2026-05-28 16:34:16,529 INFO o.a.j.t.JMeterThread: Thread is done: API Users 1-424
2026-05-28 16:34:16,529 INFO o.a.j.t.JMeterThread: Thread finished: API Users 1-424
2026-05-28 16:34:16,531 INFO o.a.j.t.JMeterThread: Thread started: API Users 1-426
2026-05-28 16:34:16,538 INFO o.a.j.t.JMeterThread: Thread is done: API Users 1-425
2026-05-28 16:34:16,538 INFO o.a.j.t.JMeterThread: Thread finished: API Users 1-425
2026-05-28 16:34:16,541 INFO o.a.j.t.JMeterThread: Thread started: API Users 1-427
2026-05-28 16:34:16,547 INFO o.a.j.t.JMeterThread: Thread is done: API Users 1-426
2026-05-28 16:34:16,547 INFO o.a.j.t.JMeterThread: Thread finished: API Users 1-426
2026-05-28 16:34:16,555 INFO o.a.j.t.JMeterThread: Thread started: API Users 1-428
2026-05-28 16:34:16,556 INFO o.a.j.t.JMeterThread: Thread is done: API Users 1-427
2026-05-28 16:34:16,556 INFO o.a.j.t.JMeterThread: Thread finished: API Users 1-427
2026-05-28 16:34:16,560 INFO o.a.j.t.JMeterThread: Thread started: API Users 1-429
2026-05-28 16:34:16,572 INFO o.a.j.t.JMeterThread: Thread started: API Users 1-430
2026-05-28 16:34:16,575 INFO o.a.j.t.JMeterThread: Thread is done: API Users 1-428
2026-05-28 16:34:16,575 INFO o.a.j.t.JMeterThread: Thread finished: API Users 1-428
2026-05-28 16:34:16,580 INFO o.a.j.t.JMeterThread: Thread is done: API Users 1-429
2026-05-28 16:34:16,580 INFO o.a.j.t.JMeterThread: Thread finished: API Users 1-429
2026-05-28 16:34:16,581 INFO o.a.j.t.JMeterThread: Thread started: API Users 1-431
2026-05-28 16:34:16,589 INFO o.a.j.t.JMeterThread: Thread is done: API Users 1-430
2026-05-28 16:34:16,589 INFO o.a.j.t.JMeterThread: Thread finished: API Users 1-430
2026-05-28 16:34:16,595 INFO o.a.j.t.JMeterThread: Thread is done: API Users 1-431
2026-05-28 16:34:16,595 INFO o.a.j.t.JMeterThread: Thread finished: API Users 1-431
2026-05-28 16:34:16,595 INFO o.a.j.t.JMeterThread: Thread started: API Users 1-432
2026-05-28 16:34:16,601 INFO o.a.j.t.JMeterThread: Thread started: API Users 1-433
2026-05-28 16:34:16,609 INFO o.a.j.t.JMeterThread: Thread is done: API Users 1-432
2026-05-28 16:34:16,609 INFO o.a.j.t.JMeterThread: Thread finished: API Users 1-432
2026-05-28 16:34:16,610 INFO o.a.j.t.JMeterThread: Thread started: API Users 1-434
2026-05-28 16:34:16,615 INFO o.a.j.t.JMeterThread: Thread is done: API Users 1-433
2026-05-28 16:34:16,615 INFO o.a.j.t.JMeterThread: Thread finished: API Users 1-433
2026-05-28 16:34:16,621 INFO o.a.j.t.JMeterThread: Thread started: API Users 1-435
2026-05-28 16:34:16,626 INFO o.a.j.t.JMeterThread: Thread is done: API Users 1-434
2026-05-28 16:34:16,626 INFO o.a.j.t.JMeterThread: Thread finished: API Users 1-434
2026-05-28 16:34:16,631 INFO o.a.j.t.JMeterThread: Thread started: API Users 1-436
2026-05-28 16:34:16,636 INFO o.a.j.t.JMeterThread: Thread is done: API Users 1-435
2026-05-28 16:34:16,636 INFO o.a.j.t.JMeterThread: Thread finished: API Users 1-435
2026-05-28 16:34:16,641 INFO o.a.j.t.JMeterThread: Thread started: API Users 1-437
2026-05-28 16:34:16,646 INFO o.a.j.t.JMeterThread: Thread is done: API Users 1-436
2026-05-28 16:34:16,646 INFO o.a.j.t.JMeterThread: Thread finished: API Users 1-436
2026-05-28 16:34:16,655 INFO o.a.j.t.JMeterThread: Thread started: API Users 1-438
2026-05-28 16:34:16,656 INFO o.a.j.t.JMeterThread: Thread is done: API Users 1-437
2026-05-28 16:34:16,656 INFO o.a.j.t.JMeterThread: Thread finished: API Users 1-437
2026-05-28 16:34:16,665 INFO o.a.j.t.JMeterThread: Thread started: API Users 1-439
2026-05-28 16:34:16,670 INFO o.a.j.t.JMeterThread: Thread is done: API Users 1-438
2026-05-28 16:34:16,670 INFO o.a.j.t.JMeterThread: Thread finished: API Users 1-438
2026-05-28 16:34:16,673 INFO o.a.j.t.JMeterThread: Thread started: API Users 1-440
2026-05-28 16:34:16,681 INFO o.a.j.t.JMeterThread: Thread is done: API Users 1-439
2026-05-28 16:34:16,681 INFO o.a.j.t.JMeterThread: Thread finished: API Users 1-439
2026-05-28 16:34:16,682 INFO o.a.j.t.JMeterThread: Thread started: API Users 1-441
2026-05-28 16:34:16,688 INFO o.a.j.t.JMeterThread: Thread is done: API Users 1-440
2026-05-28 16:34:16,688 INFO o.a.j.t.JMeterThread: Thread finished: API Users 1-440
2026-05-28 16:34:16,691 INFO o.a.j.t.JMeterThread: Thread started: API Users 1-442
2026-05-28 16:34:16,697 INFO o.a.j.t.JMeterThread: Thread is done: API Users 1-441
2026-05-28 16:34:16,697 INFO o.a.j.t.JMeterThread: Thread finished: API Users 1-441
2026-05-28 16:34:16,700 INFO o.a.j.t.JMeterThread: Thread started: API Users 1-443
2026-05-28 16:34:16,705 INFO o.a.j.t.JMeterThread: Thread is done: API Users 1-442
2026-05-28 16:34:16,705 INFO o.a.j.t.JMeterThread: Thread finished: API Users 1-442
2026-05-28 16:34:16,710 INFO o.a.j.t.JMeterThread: Thread started: API Users 1-444
2026-05-28 16:34:16,713 INFO o.a.j.t.JMeterThread: Thread is done: API Users 1-443
2026-05-28 16:34:16,714 INFO o.a.j.t.JMeterThread: Thread finished: API Users 1-443
2026-05-28 16:34:16,723 INFO o.a.j.t.JMeterThread: Thread started: API Users 1-445
2026-05-28 16:34:16,735 INFO o.a.j.t.JMeterThread: Thread started: API Users 1-446
2026-05-28 16:34:16,735 INFO o.a.j.t.JMeterThread: Thread is done: API Users 1-444
2026-05-28 16:34:16,735 INFO o.a.j.t.JMeterThread: Thread finished: API Users 1-444
2026-05-28 16:34:16,742 INFO o.a.j.t.JMeterThread: Thread started: API Users 1-447
2026-05-28 16:34:16,749 INFO o.a.j.t.JMeterThread: Thread is done: API Users 1-445
2026-05-28 16:34:16,749 INFO o.a.j.t.JMeterThread: Thread finished: API Users 1-445
2026-05-28 16:34:16,751 INFO o.a.j.t.JMeterThread: Thread started: API Users 1-448
2026-05-28 16:34:16,753 INFO o.a.j.t.JMeterThread: Thread is done: API Users 1-446
2026-05-28 16:34:16,753 INFO o.a.j.t.JMeterThread: Thread finished: API Users 1-446
2026-05-28 16:34:16,760 INFO o.a.j.t.JMeterThread: Thread is done: API Users 1-447
2026-05-28 16:34:16,760 INFO o.a.j.t.JMeterThread: Thread finished: API Users 1-447
2026-05-28 16:34:16,765 INFO o.a.j.t.JMeterThread: Thread started: API Users 1-449
2026-05-28 16:34:16,768 INFO o.a.j.t.JMeterThread: Thread is done: API Users 1-448
2026-05-28 16:34:16,768 INFO o.a.j.t.JMeterThread: Thread finished: API Users 1-448
2026-05-28 16:34:16,775 INFO o.a.j.t.JMeterThread: Thread started: API Users 1-450
2026-05-28 16:34:16,780 INFO o.a.j.t.JMeterThread: Thread started: API Users 1-451
2026-05-28 16:34:16,787 INFO o.a.j.t.JMeterThread: Thread is done: API Users 1-449
2026-05-28 16:34:16,787 INFO o.a.j.t.JMeterThread: Thread finished: API Users 1-449
2026-05-28 16:34:16,791 INFO o.a.j.t.JMeterThread: Thread started: API Users 1-452
2026-05-28 16:34:16,795 INFO o.a.j.t.JMeterThread: Thread is done: API Users 1-450
2026-05-28 16:34:16,795 INFO o.a.j.t.JMeterThread: Thread finished: API Users 1-450
2026-05-28 16:34:16,799 INFO o.a.j.t.JMeterThread: Thread is done: API Users 1-451
2026-05-28 16:34:16,799 INFO o.a.j.t.JMeterThread: Thread finished: API Users 1-451
2026-05-28 16:34:16,803 INFO o.a.j.t.JMeterThread: Thread started: API Users 1-453
2026-05-28 16:34:16,807 INFO o.a.j.t.JMeterThread: Thread is done: API Users 1-452
2026-05-28 16:34:16,807 INFO o.a.j.t.JMeterThread: Thread finished: API Users 1-452
2026-05-28 16:34:16,815 INFO o.a.j.t.JMeterThread: Thread started: API Users 1-454
2026-05-28 16:34:16,823 INFO o.a.j.t.JMeterThread: Thread is done: API Users 1-453
2026-05-28 16:34:16,823 INFO o.a.j.t.JMeterThread: Thread finished: API Users 1-453
2026-05-28 16:34:16,824 INFO o.a.j.t.JMeterThread: Thread started: API Users 1-455
2026-05-28 16:34:16,832 INFO o.a.j.t.JMeterThread: Thread started: API Users 1-456
2026-05-28 16:34:16,834 INFO o.a.j.t.JMeterThread: Thread is done: API Users 1-454
2026-05-28 16:34:16,834 INFO o.a.j.t.JMeterThread: Thread finished: API Users 1-454
2026-05-28 16:34:16,839 INFO o.a.j.t.JMeterThread: Thread is done: API Users 1-455
2026-05-28 16:34:16,839 INFO o.a.j.t.JMeterThread: Thread finished: API Users 1-455
2026-05-28 16:34:16,844 INFO o.a.j.t.JMeterThread: Thread started: API Users 1-457
2026-05-28 16:34:16,847 INFO o.a.j.t.JMeterThread: Thread is done: API Users 1-456
2026-05-28 16:34:16,847 INFO o.a.j.t.JMeterThread: Thread finished: API Users 1-456
2026-05-28 16:34:16,851 INFO o.a.j.t.JMeterThread: Thread started: API Users 1-458
2026-05-28 16:34:16,860 INFO o.a.j.t.JMeterThread: Thread started: API Users 1-459
2026-05-28 16:34:16,860 INFO o.a.j.t.JMeterThread: Thread is done: API Users 1-457
2026-05-28 16:34:16,860 INFO o.a.j.t.JMeterThread: Thread finished: API Users 1-457
2026-05-28 16:34:16,867 INFO o.a.j.t.JMeterThread: Thread is done: API Users 1-458
2026-05-28 16:34:16,867 INFO o.a.j.t.JMeterThread: Thread finished: API Users 1-458
2026-05-28 16:34:16,874 INFO o.a.j.t.JMeterThread: Thread started: API Users 1-460
2026-05-28 16:34:16,876 INFO o.a.j.t.JMeterThread: Thread is done: API Users 1-459
2026-05-28 16:34:16,876 INFO o.a.j.t.JMeterThread: Thread finished: API Users 1-459
2026-05-28 16:34:16,885 INFO o.a.j.t.JMeterThread: Thread started: API Users 1-461
2026-05-28 16:34:16,890 INFO o.a.j.t.JMeterThread: Thread started: API Users 1-462
2026-05-28 16:34:16,891 INFO o.a.j.t.JMeterThread: Thread is done: API Users 1-460
2026-05-28 16:34:16,892 INFO o.a.j.t.JMeterThread: Thread finished: API Users 1-460
2026-05-28 16:34:16,901 INFO o.a.j.t.JMeterThread: Thread started: API Users 1-463
2026-05-28 16:34:16,904 INFO o.a.j.t.JMeterThread: Thread is done: API Users 1-461
2026-05-28 16:34:16,904 INFO o.a.j.t.JMeterThread: Thread finished: API Users 1-461
2026-05-28 16:34:16,908 INFO o.a.j.t.JMeterThread: Thread is done: API Users 1-462
2026-05-28 16:34:16,908 INFO o.a.j.t.JMeterThread: Thread finished: API Users 1-462
2026-05-28 16:34:16,910 INFO o.a.j.t.JMeterThread: Thread started: API Users 1-464
2026-05-28 16:34:16,917 INFO o.a.j.t.JMeterThread: Thread is done: API Users 1-463
2026-05-28 16:34:16,917 INFO o.a.j.t.JMeterThread: Thread finished: API Users 1-463
2026-05-28 16:34:16,921 INFO o.a.j.t.JMeterThread: Thread started: API Users 1-465
2026-05-28 16:34:16,925 INFO o.a.j.t.JMeterThread: Thread is done: API Users 1-464
2026-05-28 16:34:16,925 INFO o.a.j.t.JMeterThread: Thread finished: API Users 1-464
2026-05-28 16:34:16,934 INFO o.a.j.t.JMeterThread: Thread started: API Users 1-466
2026-05-28 16:34:16,935 INFO o.a.j.t.JMeterThread: Thread is done: API Users 1-465
2026-05-28 16:34:16,935 INFO o.a.j.t.JMeterThread: Thread finished: API Users 1-465
2026-05-28 16:34:16,940 INFO o.a.j.t.JMeterThread: Thread started: API Users 1-467
2026-05-28 16:34:16,950 INFO o.a.j.t.JMeterThread: Thread is done: API Users 1-466
2026-05-28 16:34:16,950 INFO o.a.j.t.JMeterThread: Thread finished: API Users 1-466
2026-05-28 16:34:16,951 INFO o.a.j.t.JMeterThread: Thread started: API Users 1-468
2026-05-28 16:34:16,957 INFO o.a.j.t.JMeterThread: Thread is done: API Users 1-467
2026-05-28 16:34:16,957 INFO o.a.j.t.JMeterThread: Thread finished: API Users 1-467
2026-05-28 16:34:16,963 INFO o.a.j.t.JMeterThread: Thread started: API Users 1-469
2026-05-28 16:34:16,971 INFO o.a.j.t.JMeterThread: Thread is done: API Users 1-468
2026-05-28 16:34:16,971 INFO o.a.j.t.JMeterThread: Thread finished: API Users 1-468
2026-05-28 16:34:16,974 INFO o.a.j.t.JMeterThread: Thread started: API Users 1-470
2026-05-28 16:34:16,982 INFO o.a.j.t.JMeterThread: Thread is done: API Users 1-469
2026-05-28 16:34:16,982 INFO o.a.j.t.JMeterThread: Thread finished: API Users 1-469
2026-05-28 16:34:16,985 INFO o.a.j.t.JMeterThread: Thread started: API Users 1-471
2026-05-28 16:34:16,991 INFO o.a.j.t.JMeterThread: Thread started: API Users 1-472
2026-05-28 16:34:16,992 INFO o.a.j.t.JMeterThread: Thread is done: API Users 1-470
2026-05-28 16:34:16,992 INFO o.a.j.t.JMeterThread: Thread finished: API Users 1-470
2026-05-28 16:34:17,005 INFO o.a.j.t.JMeterThread: Thread started: API Users 1-473
2026-05-28 16:34:17,009 INFO o.a.j.t.JMeterThread: Thread is done: API Users 1-471
2026-05-28 16:34:17,009 INFO o.a.j.t.JMeterThread: Thread finished: API Users 1-471
2026-05-28 16:34:17,011 INFO o.a.j.t.JMeterThread: Thread started: API Users 1-474
2026-05-28 16:34:17,015 INFO o.a.j.t.JMeterThread: Thread is done: API Users 1-472
2026-05-28 16:34:17,015 INFO o.a.j.t.JMeterThread: Thread finished: API Users 1-472
2026-05-28 16:34:17,022 INFO o.a.j.t.JMeterThread: Thread started: API Users 1-475
2026-05-28 16:34:17,023 INFO o.a.j.t.JMeterThread: Thread is done: API Users 1-473
2026-05-28 16:34:17,023 INFO o.a.j.t.JMeterThread: Thread finished: API Users 1-473
2026-05-28 16:34:17,027 INFO o.a.j.t.JMeterThread: Thread is done: API Users 1-474
2026-05-28 16:34:17,027 INFO o.a.j.t.JMeterThread: Thread finished: API Users 1-474
2026-05-28 16:34:17,035 INFO o.a.j.t.JMeterThread: Thread started: API Users 1-476
2026-05-28 16:34:17,036 INFO o.a.j.t.JMeterThread: Thread is done: API Users 1-475
2026-05-28 16:34:17,036 INFO o.a.j.t.JMeterThread: Thread finished: API Users 1-475
2026-05-28 16:34:17,041 INFO o.a.j.t.JMeterThread: Thread started: API Users 1-477
2026-05-28 16:34:17,050 INFO o.a.j.t.JMeterThread: Thread is done: API Users 1-476
2026-05-28 16:34:17,050 INFO o.a.j.t.JMeterThread: Thread finished: API Users 1-476
2026-05-28 16:34:17,053 INFO o.a.j.t.JMeterThread: Thread started: API Users 1-478
2026-05-28 16:34:17,057 INFO o.a.j.t.JMeterThread: Thread is done: API Users 1-477
2026-05-28 16:34:17,057 INFO o.a.j.t.JMeterThread: Thread finished: API Users 1-477
2026-05-28 16:34:17,060 INFO o.a.j.t.JMeterThread: Thread started: API Users 1-479
2026-05-28 16:34:17,067 INFO o.a.j.t.JMeterThread: Thread is done: API Users 1-478
2026-05-28 16:34:17,067 INFO o.a.j.t.JMeterThread: Thread finished: API Users 1-478
2026-05-28 16:34:17,074 INFO o.a.j.t.JMeterThread: Thread started: API Users 1-480
2026-05-28 16:34:17,075 INFO o.a.j.t.JMeterThread: Thread is done: API Users 1-479
2026-05-28 16:34:17,075 INFO o.a.j.t.JMeterThread: Thread finished: API Users 1-479
2026-05-28 16:34:17,085 INFO o.a.j.t.JMeterThread: Thread started: API Users 1-481
2026-05-28 16:34:17,090 INFO o.a.j.t.JMeterThread: Thread is done: API Users 1-480
2026-05-28 16:34:17,090 INFO o.a.j.t.JMeterThread: Thread finished: API Users 1-480
2026-05-28 16:34:17,090 INFO o.a.j.t.JMeterThread: Thread started: API Users 1-482
2026-05-28 16:34:17,102 INFO o.a.j.t.JMeterThread: Thread is done: API Users 1-481
2026-05-28 16:34:17,102 INFO o.a.j.t.JMeterThread: Thread finished: API Users 1-481
2026-05-28 16:34:17,104 INFO o.a.j.t.JMeterThread: Thread started: API Users 1-483
2026-05-28 16:34:17,107 INFO o.a.j.t.JMeterThread: Thread is done: API Users 1-482
2026-05-28 16:34:17,107 INFO o.a.j.t.JMeterThread: Thread finished: API Users 1-482
2026-05-28 16:34:17,111 INFO o.a.j.t.JMeterThread: Thread started: API Users 1-484
2026-05-28 16:34:17,119 INFO o.a.j.t.JMeterThread: Thread is done: API Users 1-483
2026-05-28 16:34:17,119 INFO o.a.j.t.JMeterThread: Thread finished: API Users 1-483
2026-05-28 16:34:17,122 INFO o.a.j.t.JMeterThread: Thread started: API Users 1-485
2026-05-28 16:34:17,126 INFO o.a.j.t.JMeterThread: Thread is done: API Users 1-484
2026-05-28 16:34:17,126 INFO o.a.j.t.JMeterThread: Thread finished: API Users 1-484
2026-05-28 16:34:17,135 INFO o.a.j.t.JMeterThread: Thread started: API Users 1-486
2026-05-28 16:34:17,139 INFO o.a.j.t.JMeterThread: Thread is done: API Users 1-485
2026-05-28 16:34:17,139 INFO o.a.j.t.JMeterThread: Thread finished: API Users 1-485
2026-05-28 16:34:17,142 INFO o.a.j.t.JMeterThread: Thread started: API Users 1-487
2026-05-28 16:34:17,153 INFO o.a.j.t.JMeterThread: Thread started: API Users 1-488
2026-05-28 16:34:17,162 INFO o.a.j.t.JMeterThread: Thread is done: API Users 1-486
2026-05-28 16:34:17,163 INFO o.a.j.t.JMeterThread: Thread finished: API Users 1-486
2026-05-28 16:34:17,165 INFO o.a.j.t.JMeterThread: Thread started: API Users 1-489
2026-05-28 16:34:17,171 INFO o.a.j.t.JMeterThread: Thread is done: API Users 1-487
2026-05-28 16:34:17,171 INFO o.a.j.t.JMeterThread: Thread finished: API Users 1-487
2026-05-28 16:34:17,174 INFO o.a.j.t.JMeterThread: Thread started: API Users 1-490
2026-05-28 16:34:17,175 INFO o.a.j.t.JMeterThread: Thread is done: API Users 1-488
2026-05-28 16:34:17,175 INFO o.a.j.t.JMeterThread: Thread finished: API Users 1-488
2026-05-28 16:34:17,183 INFO o.a.j.t.JMeterThread: Thread started: API Users 1-491
2026-05-28 16:34:17,186 INFO o.a.j.t.JMeterThread: Thread is done: API Users 1-489
2026-05-28 16:34:17,186 INFO o.a.j.t.JMeterThread: Thread finished: API Users 1-489
2026-05-28 16:34:17,193 INFO o.a.j.t.JMeterThread: Thread is done: API Users 1-490
2026-05-28 16:34:17,193 INFO o.a.j.t.JMeterThread: Thread finished: API Users 1-490
2026-05-28 16:34:17,195 INFO o.a.j.t.JMeterThread: Thread started: API Users 1-492
2026-05-28 16:34:17,201 INFO o.a.j.t.JMeterThread: Thread is done: API Users 1-491
2026-05-28 16:34:17,201 INFO o.a.j.t.JMeterThread: Thread finished: API Users 1-491
2026-05-28 16:34:17,205 INFO o.a.j.t.JMeterThread: Thread started: API Users 1-493
2026-05-28 16:34:17,213 INFO o.a.j.t.JMeterThread: Thread is done: API Users 1-492
2026-05-28 16:34:17,213 INFO o.a.j.t.JMeterThread: Thread finished: API Users 1-492
2026-05-28 16:34:17,213 INFO o.a.j.t.JMeterThread: Thread started: API Users 1-494
2026-05-28 16:34:17,223 INFO o.a.j.t.JMeterThread: Thread is done: API Users 1-493
2026-05-28 16:34:17,223 INFO o.a.j.t.JMeterThread: Thread finished: API Users 1-493
2026-05-28 16:34:17,225 INFO o.a.j.t.JMeterThread: Thread started: API Users 1-495
2026-05-28 16:34:17,233 INFO o.a.j.t.JMeterThread: Thread started: API Users 1-496
2026-05-28 16:34:17,240 INFO o.a.j.t.JMeterThread: Thread is done: API Users 1-494
2026-05-28 16:34:17,241 INFO o.a.j.t.JMeterThread: Thread finished: API Users 1-494
2026-05-28 16:34:17,243 INFO o.a.j.t.JMeterThread: Thread started: API Users 1-497
2026-05-28 16:34:17,250 INFO o.a.j.t.JMeterThread: Thread is done: API Users 1-495
2026-05-28 16:34:17,250 INFO o.a.j.t.JMeterThread: Thread finished: API Users 1-495
2026-05-28 16:34:17,251 INFO o.a.j.t.JMeterThread: Thread is done: API Users 1-496
2026-05-28 16:34:17,251 INFO o.a.j.t.JMeterThread: Thread finished: API Users 1-496
2026-05-28 16:34:17,255 INFO o.a.j.t.JMeterThread: Thread started: API Users 1-498
2026-05-28 16:34:17,260 INFO o.a.j.t.JMeterThread: Thread is done: API Users 1-497
2026-05-28 16:34:17,260 INFO o.a.j.t.JMeterThread: Thread finished: API Users 1-497
2026-05-28 16:34:17,260 INFO o.a.j.t.JMeterThread: Thread started: API Users 1-499
2026-05-28 16:34:17,274 INFO o.a.j.t.JMeterThread: Thread started: API Users 1-500
2026-05-28 16:34:17,279 INFO o.a.j.t.JMeterThread: Thread is done: API Users 1-498
2026-05-28 16:34:17,279 INFO o.a.j.t.JMeterThread: Thread finished: API Users 1-498
2026-05-28 16:34:17,284 INFO o.a.j.t.JMeterThread: Thread is done: API Users 1-499
2026-05-28 16:34:17,284 INFO o.a.j.t.JMeterThread: Thread finished: API Users 1-499
2026-05-28 16:34:17,285 INFO o.a.j.t.JMeterThread: Thread started: API Users 1-501
2026-05-28 16:34:17,294 INFO o.a.j.t.JMeterThread: Thread started: API Users 1-502
2026-05-28 16:34:17,299 INFO o.a.j.t.JMeterThread: Thread is done: API Users 1-500
2026-05-28 16:34:17,299 INFO o.a.j.t.JMeterThread: Thread finished: API Users 1-500
2026-05-28 16:34:17,303 INFO o.a.j.t.JMeterThread: Thread started: API Users 1-503
2026-05-28 16:34:17,310 INFO o.a.j.t.JMeterThread: Thread is done: API Users 1-501
2026-05-28 16:34:17,310 INFO o.a.j.t.JMeterThread: Thread finished: API Users 1-501
2026-05-28 16:34:17,311 INFO o.a.j.t.JMeterThread: Thread started: API Users 1-504
2026-05-28 16:34:17,317 INFO o.a.j.t.JMeterThread: Thread is done: API Users 1-502
2026-05-28 16:34:17,317 INFO o.a.j.t.JMeterThread: Thread finished: API Users 1-502
2026-05-28 16:34:17,324 INFO o.a.j.t.JMeterThread: Thread started: API Users 1-505
2026-05-28 16:34:17,326 INFO o.a.j.t.JMeterThread: Thread is done: API Users 1-503
2026-05-28 16:34:17,326 INFO o.a.j.t.JMeterThread: Thread finished: API Users 1-503
2026-05-28 16:34:17,334 INFO o.a.j.t.JMeterThread: Thread is done: API Users 1-504
2026-05-28 16:34:17,335 INFO o.a.j.t.JMeterThread: Thread finished: API Users 1-504
2026-05-28 16:34:17,335 INFO o.a.j.t.JMeterThread: Thread started: API Users 1-506
2026-05-28 16:34:17,344 INFO o.a.j.t.JMeterThread: Thread is done: API Users 1-505
2026-05-28 16:34:17,344 INFO o.a.j.t.JMeterThread: Thread finished: API Users 1-505
2026-05-28 16:34:17,346 INFO o.a.j.t.JMeterThread: Thread started: API Users 1-507
2026-05-28 16:34:17,352 INFO o.a.j.t.JMeterThread: Thread started: API Users 1-508
2026-05-28 16:34:17,353 INFO o.a.j.t.JMeterThread: Thread is done: API Users 1-506
2026-05-28 16:34:17,353 INFO o.a.j.t.JMeterThread: Thread finished: API Users 1-506
2026-05-28 16:34:17,362 INFO o.a.j.t.JMeterThread: Thread started: API Users 1-509
2026-05-28 16:34:17,367 INFO o.a.j.t.JMeterThread: Thread is done: API Users 1-507
2026-05-28 16:34:17,367 INFO o.a.j.t.JMeterThread: Thread finished: API Users 1-507
2026-05-28 16:34:17,374 INFO o.a.j.t.JMeterThread: Thread is done: API Users 1-508
2026-05-28 16:34:17,374 INFO o.a.j.t.JMeterThread: Thread finished: API Users 1-508
2026-05-28 16:34:17,374 INFO o.a.j.t.JMeterThread: Thread started: API Users 1-510
2026-05-28 16:34:17,380 INFO o.a.j.t.JMeterThread: Thread started: API Users 1-511
2026-05-28 16:34:17,383 INFO o.a.j.t.JMeterThread: Thread is done: API Users 1-509
2026-05-28 16:34:17,383 INFO o.a.j.t.JMeterThread: Thread finished: API Users 1-509
2026-05-28 16:34:17,391 INFO o.a.j.t.JMeterThread: Thread started: API Users 1-512
2026-05-28 16:34:17,396 INFO o.a.j.t.JMeterThread: Thread is done: API Users 1-510
2026-05-28 16:34:17,396 INFO o.a.j.t.JMeterThread: Thread finished: API Users 1-510
2026-05-28 16:34:17,401 INFO o.a.j.t.JMeterThread: Thread is done: API Users 1-511
2026-05-28 16:34:17,401 INFO o.a.j.t.JMeterThread: Thread finished: API Users 1-511
2026-05-28 16:34:17,407 INFO o.a.j.t.JMeterThread: Thread started: API Users 1-513
2026-05-28 16:34:17,410 INFO o.a.j.t.JMeterThread: Thread is done: API Users 1-512
2026-05-28 16:34:17,410 INFO o.a.j.t.JMeterThread: Thread finished: API Users 1-512
2026-05-28 16:34:17,416 INFO o.a.j.t.JMeterThread: Thread started: API Users 1-514
2026-05-28 16:34:17,424 INFO o.a.j.t.JMeterThread: Thread started: API Users 1-515
2026-05-28 16:34:17,425 INFO o.a.j.t.JMeterThread: Thread is done: API Users 1-513
2026-05-28 16:34:17,425 INFO o.a.j.t.JMeterThread: Thread finished: API Users 1-513
2026-05-28 16:34:17,432 INFO o.a.j.t.JMeterThread: Thread started: API Users 1-516
2026-05-28 16:34:17,435 INFO o.a.j.t.JMeterThread: Thread is done: API Users 1-514
2026-05-28 16:34:17,435 INFO o.a.j.t.JMeterThread: Thread finished: API Users 1-514
2026-05-28 16:34:17,445 INFO o.a.j.t.JMeterThread: Thread is done: API Users 1-515
2026-05-28 16:34:17,445 INFO o.a.j.t.JMeterThread: Thread finished: API Users 1-515
2026-05-28 16:34:17,446 INFO o.a.j.t.JMeterThread: Thread started: API Users 1-517
2026-05-28 16:34:17,452 INFO o.a.j.t.JMeterThread: Thread is done: API Users 1-516
2026-05-28 16:34:17,452 INFO o.a.j.t.JMeterThread: Thread finished: API Users 1-516
2026-05-28 16:34:17,453 INFO o.a.j.t.JMeterThread: Thread started: API Users 1-518
2026-05-28 16:34:17,462 INFO o.a.j.t.JMeterThread: Thread is done: API Users 1-517
2026-05-28 16:34:17,462 INFO o.a.j.t.JMeterThread: Thread finished: API Users 1-517
2026-05-28 16:34:17,465 INFO o.a.j.t.JMeterThread: Thread started: API Users 1-519
2026-05-28 16:34:17,469 INFO o.a.j.t.JMeterThread: Thread is done: API Users 1-518
2026-05-28 16:34:17,469 INFO o.a.j.t.JMeterThread: Thread finished: API Users 1-518
2026-05-28 16:34:17,474 INFO o.a.j.t.JMeterThread: Thread started: API Users 1-520
2026-05-28 16:34:17,480 INFO o.a.j.t.JMeterThread: Thread is done: API Users 1-519
2026-05-28 16:34:17,480 INFO o.a.j.t.JMeterThread: Thread finished: API Users 1-519
2026-05-28 16:34:17,484 INFO o.a.j.t.JMeterThread: Thread started: API Users 1-521
2026-05-28 16:34:17,488 INFO o.a.j.t.JMeterThread: Thread is done: API Users 1-520
2026-05-28 16:34:17,488 INFO o.a.j.t.JMeterThread: Thread finished: API Users 1-520
2026-05-28 16:34:17,491 INFO o.a.j.t.JMeterThread: Thread started: API Users 1-522
2026-05-28 16:34:17,498 INFO o.a.j.t.JMeterThread: Thread is done: API Users 1-521
2026-05-28 16:34:17,498 INFO o.a.j.t.JMeterThread: Thread finished: API Users 1-521
2026-05-28 16:34:17,500 INFO o.a.j.t.JMeterThread: Thread started: API Users 1-523
2026-05-28 16:34:17,507 INFO o.a.j.t.JMeterThread: Thread is done: API Users 1-522
2026-05-28 16:34:17,507 INFO o.a.j.t.JMeterThread: Thread finished: API Users 1-522
2026-05-28 16:34:17,513 INFO o.a.j.t.JMeterThread: Thread started: API Users 1-524
2026-05-28 16:34:17,521 INFO o.a.j.t.JMeterThread: Thread is done: API Users 1-523
2026-05-28 16:34:17,521 INFO o.a.j.t.JMeterThread: Thread finished: API Users 1-523
2026-05-28 16:34:17,524 INFO o.a.j.t.JMeterThread: Thread started: API Users 1-525
2026-05-28 16:34:17,532 INFO o.a.j.t.JMeterThread: Thread started: API Users 1-526
2026-05-28 16:34:17,534 INFO o.a.j.t.JMeterThread: Thread is done: API Users 1-524
2026-05-28 16:34:17,534 INFO o.a.j.t.JMeterThread: Thread finished: API Users 1-524
2026-05-28 16:34:17,540 INFO o.a.j.t.JMeterThread: Thread is done: API Users 1-525
2026-05-28 16:34:17,540 INFO o.a.j.t.JMeterThread: Thread finished: API Users 1-525
2026-05-28 16:34:17,541 INFO o.a.j.t.JMeterThread: Thread started: API Users 1-527
2026-05-28 16:34:17,546 INFO o.a.j.t.JMeterThread: Thread is done: API Users 1-526
2026-05-28 16:34:17,546 INFO o.a.j.t.JMeterThread: Thread finished: API Users 1-526
2026-05-28 16:34:17,553 INFO o.a.j.t.JMeterThread: Thread started: API Users 1-528
2026-05-28 16:34:17,555 INFO o.a.j.t.JMeterThread: Thread is done: API Users 1-527
2026-05-28 16:34:17,555 INFO o.a.j.t.JMeterThread: Thread finished: API Users 1-527
2026-05-28 16:34:17,560 INFO o.a.j.t.JMeterThread: Thread started: API Users 1-529
2026-05-28 16:34:17,568 INFO o.a.j.t.JMeterThread: Thread is done: API Users 1-528
2026-05-28 16:34:17,568 INFO o.a.j.t.JMeterThread: Thread finished: API Users 1-528
2026-05-28 16:34:17,574 INFO o.a.j.t.JMeterThread: Thread started: API Users 1-530
2026-05-28 16:34:17,575 INFO o.a.j.t.JMeterThread: Thread is done: API Users 1-529
2026-05-28 16:34:17,575 INFO o.a.j.t.JMeterThread: Thread finished: API Users 1-529
2026-05-28 16:34:17,586 INFO o.a.j.t.JMeterThread: Thread started: API Users 1-531
2026-05-28 16:34:17,593 INFO o.a.j.t.JMeterThread: Thread is done: API Users 1-530
2026-05-28 16:34:17,593 INFO o.a.j.t.JMeterThread: Thread finished: API Users 1-530
2026-05-28 16:34:17,596 INFO o.a.j.t.JMeterThread: Thread started: API Users 1-532
2026-05-28 16:34:17,601 INFO o.a.j.t.JMeterThread: Thread is done: API Users 1-531
2026-05-28 16:34:17,601 INFO o.a.j.t.JMeterThread: Thread finished: API Users 1-531
2026-05-28 16:34:17,602 INFO o.a.j.t.JMeterThread: Thread started: API Users 1-533
2026-05-28 16:34:17,612 INFO o.a.j.t.JMeterThread: Thread is done: API Users 1-532
2026-05-28 16:34:17,613 INFO o.a.j.t.JMeterThread: Thread finished: API Users 1-532
2026-05-28 16:34:17,614 INFO o.a.j.t.JMeterThread: Thread started: API Users 1-534
2026-05-28 16:34:17,619 INFO o.a.j.t.JMeterThread: Thread is done: API Users 1-533
2026-05-28 16:34:17,619 INFO o.a.j.t.JMeterThread: Thread finished: API Users 1-533
2026-05-28 16:34:17,624 INFO o.a.j.t.JMeterThread: Thread started: API Users 1-535
2026-05-28 16:34:17,631 INFO o.a.j.t.JMeterThread: Thread is done: API Users 1-534
2026-05-28 16:34:17,631 INFO o.a.j.t.JMeterThread: Thread finished: API Users 1-534
2026-05-28 16:34:17,637 INFO o.a.j.t.JMeterThread: Thread started: API Users 1-536
2026-05-28 16:34:17,645 INFO o.a.j.t.JMeterThread: Thread started: API Users 1-537
2026-05-28 16:34:17,645 INFO o.a.j.t.JMeterThread: Thread is done: API Users 1-535
2026-05-28 16:34:17,645 INFO o.a.j.t.JMeterThread: Thread finished: API Users 1-535
2026-05-28 16:34:17,656 INFO o.a.j.t.JMeterThread: Thread started: API Users 1-538
2026-05-28 16:34:17,659 INFO o.a.j.t.JMeterThread: Thread is done: API Users 1-536
2026-05-28 16:34:17,659 INFO o.a.j.t.JMeterThread: Thread finished: API Users 1-536
2026-05-28 16:34:17,663 INFO o.a.j.t.JMeterThread: Thread started: API Users 1-539
2026-05-28 16:34:17,668 INFO o.a.j.t.JMeterThread: Thread is done: API Users 1-537
2026-05-28 16:34:17,668 INFO o.a.j.t.JMeterThread: Thread finished: API Users 1-537
2026-05-28 16:34:17,675 INFO o.a.j.t.JMeterThread: Thread is done: API Users 1-538
2026-05-28 16:34:17,676 INFO o.a.j.t.JMeterThread: Thread finished: API Users 1-538
2026-05-28 16:34:17,677 INFO o.a.j.t.JMeterThread: Thread started: API Users 1-540
2026-05-28 16:34:17,680 INFO o.a.j.t.JMeterThread: Thread is done: API Users 1-539
2026-05-28 16:34:17,680 INFO o.a.j.t.JMeterThread: Thread finished: API Users 1-539
2026-05-28 16:34:17,686 INFO o.a.j.t.JMeterThread: Thread started: API Users 1-541
2026-05-28 16:34:17,693 INFO o.a.j.t.JMeterThread: Thread is done: API Users 1-540
2026-05-28 16:34:17,693 INFO o.a.j.t.JMeterThread: Thread finished: API Users 1-540
2026-05-28 16:34:17,696 INFO o.a.j.t.JMeterThread: Thread started: API Users 1-542
2026-05-28 16:34:17,703 INFO o.a.j.t.JMeterThread: Thread is done: API Users 1-541
2026-05-28 16:34:17,703 INFO o.a.j.t.JMeterThread: Thread finished: API Users 1-541
2026-05-28 16:34:17,706 INFO o.a.j.t.JMeterThread: Thread started: API Users 1-543
2026-05-28 16:34:17,711 INFO o.a.j.t.JMeterThread: Thread started: API Users 1-544
2026-05-28 16:34:17,718 INFO o.a.j.t.JMeterThread: Thread is done: API Users 1-542
2026-05-28 16:34:17,718 INFO o.a.j.t.JMeterThread: Thread finished: API Users 1-542
2026-05-28 16:34:17,724 INFO o.a.j.t.JMeterThread: Thread started: API Users 1-545
2026-05-28 16:34:17,730 INFO o.a.j.t.JMeterThread: Thread started: API Users 1-546
2026-05-28 16:34:17,739 INFO o.a.j.t.JMeterThread: Thread is done: API Users 1-543
2026-05-28 16:34:17,739 INFO o.a.j.t.JMeterThread: Thread finished: API Users 1-543
2026-05-28 16:34:17,743 INFO o.a.j.t.JMeterThread: Thread is done: API Users 1-544
2026-05-28 16:34:17,743 INFO o.a.j.t.JMeterThread: Thread finished: API Users 1-544
2026-05-28 16:34:17,743 INFO o.a.j.t.JMeterThread: Thread started: API Users 1-547
2026-05-28 16:34:17,750 INFO o.a.j.t.JMeterThread: Thread started: API Users 1-548
2026-05-28 16:34:17,754 INFO o.a.j.t.JMeterThread: Thread is done: API Users 1-545
2026-05-28 16:34:17,754 INFO o.a.j.t.JMeterThread: Thread finished: API Users 1-545
2026-05-28 16:34:17,754 INFO o.a.j.t.JMeterThread: Thread is done: API Users 1-546
2026-05-28 16:34:17,754 INFO o.a.j.t.JMeterThread: Thread finished: API Users 1-546
2026-05-28 16:34:17,765 INFO o.a.j.t.JMeterThread: Thread started: API Users 1-549
2026-05-28 16:34:17,765 INFO o.a.j.t.JMeterThread: Thread is done: API Users 1-547
2026-05-28 16:34:17,765 INFO o.a.j.t.JMeterThread: Thread finished: API Users 1-547
2026-05-28 16:34:17,774 INFO o.a.j.t.JMeterThread: Thread started: API Users 1-550
2026-05-28 16:34:17,775 INFO o.a.j.t.JMeterThread: Thread is done: API Users 1-548
2026-05-28 16:34:17,775 INFO o.a.j.t.JMeterThread: Thread finished: API Users 1-548
2026-05-28 16:34:17,785 INFO o.a.j.t.JMeterThread: Thread started: API Users 1-551
2026-05-28 16:34:17,787 INFO o.a.j.t.JMeterThread: Thread is done: API Users 1-549
2026-05-28 16:34:17,787 INFO o.a.j.t.JMeterThread: Thread finished: API Users 1-549
2026-05-28 16:34:17,795 INFO o.a.j.t.JMeterThread: Thread is done: API Users 1-550
2026-05-28 16:34:17,795 INFO o.a.j.t.JMeterThread: Thread finished: API Users 1-550
2026-05-28 16:34:17,798 INFO o.a.j.t.JMeterThread: Thread started: API Users 1-552
2026-05-28 16:34:17,804 INFO o.a.j.t.JMeterThread: Thread is done: API Users 1-551
2026-05-28 16:34:17,804 INFO o.a.j.t.JMeterThread: Thread finished: API Users 1-551
2026-05-28 16:34:17,809 INFO o.a.j.t.JMeterThread: Thread started: API Users 1-553
2026-05-28 16:34:17,818 INFO o.a.j.t.JMeterThread: Thread started: API Users 1-554
2026-05-28 16:34:17,820 INFO o.a.j.t.JMeterThread: Thread is done: API Users 1-552
2026-05-28 16:34:17,820 INFO o.a.j.t.JMeterThread: Thread finished: API Users 1-552
2026-05-28 16:34:17,822 INFO o.a.j.t.JMeterThread: Thread started: API Users 1-555
2026-05-28 16:34:17,826 INFO o.a.j.t.JMeterThread: Thread is done: API Users 1-553
2026-05-28 16:34:17,826 INFO o.a.j.t.JMeterThread: Thread finished: API Users 1-553
2026-05-28 16:34:17,834 INFO o.a.j.t.JMeterThread: Thread is done: API Users 1-554
2026-05-28 16:34:17,834 INFO o.a.j.t.JMeterThread: Thread finished: API Users 1-554
2026-05-28 16:34:17,837 INFO o.a.j.t.JMeterThread: Thread started: API Users 1-556
2026-05-28 16:34:17,838 INFO o.a.j.t.JMeterThread: Thread is done: API Users 1-555
2026-05-28 16:34:17,838 INFO o.a.j.t.JMeterThread: Thread finished: API Users 1-555
2026-05-28 16:34:17,844 INFO o.a.j.t.JMeterThread: Thread started: API Users 1-557
2026-05-28 16:34:17,853 INFO o.a.j.t.JMeterThread: Thread started: API Users 1-558
2026-05-28 16:34:17,854 INFO o.a.j.t.JMeterThread: Thread is done: API Users 1-556
2026-05-28 16:34:17,854 INFO o.a.j.t.JMeterThread: Thread finished: API Users 1-556
2026-05-28 16:34:17,861 INFO o.a.j.t.JMeterThread: Thread is done: API Users 1-557
2026-05-28 16:34:17,861 INFO o.a.j.t.JMeterThread: Thread finished: API Users 1-557
2026-05-28 16:34:17,865 INFO o.a.j.t.JMeterThread: Thread started: API Users 1-559
2026-05-28 16:34:17,869 INFO o.a.j.t.JMeterThread: Thread is done: API Users 1-558
2026-05-28 16:34:17,870 INFO o.a.j.t.JMeterThread: Thread finished: API Users 1-558
2026-05-28 16:34:17,874 INFO o.a.j.t.JMeterThread: Thread started: API Users 1-560
2026-05-28 16:34:17,883 INFO o.a.j.t.JMeterThread: Thread is done: API Users 1-559
2026-05-28 16:34:17,883 INFO o.a.j.t.JMeterThread: Thread finished: API Users 1-559
2026-05-28 16:34:17,889 INFO o.a.j.t.JMeterThread: Thread started: API Users 1-561
2026-05-28 16:34:17,892 INFO o.a.j.t.JMeterThread: Thread is done: API Users 1-560
2026-05-28 16:34:17,893 INFO o.a.j.t.JMeterThread: Thread finished: API Users 1-560
2026-05-28 16:34:17,896 INFO o.a.j.t.JMeterThread: Thread started: API Users 1-562
2026-05-28 16:34:17,905 INFO o.a.j.t.JMeterThread: Thread started: API Users 1-563
2026-05-28 16:34:17,908 INFO o.a.j.t.JMeterThread: Thread is done: API Users 1-561
2026-05-28 16:34:17,908 INFO o.a.j.t.JMeterThread: Thread finished: API Users 1-561
2026-05-28 16:34:17,916 INFO o.a.j.t.JMeterThread: Thread is done: API Users 1-562
2026-05-28 16:34:17,916 INFO o.a.j.t.JMeterThread: Thread started: API Users 1-564
2026-05-28 16:34:17,916 INFO o.a.j.t.JMeterThread: Thread finished: API Users 1-562
2026-05-28 16:34:17,924 INFO o.a.j.t.JMeterThread: Thread started: API Users 1-565
2026-05-28 16:34:17,924 INFO o.a.j.t.JMeterThread: Thread is done: API Users 1-563
2026-05-28 16:34:17,924 INFO o.a.j.t.JMeterThread: Thread finished: API Users 1-563
2026-05-28 16:34:17,935 INFO o.a.j.t.JMeterThread: Thread started: API Users 1-566
2026-05-28 16:34:17,937 INFO o.a.j.t.JMeterThread: Thread is done: API Users 1-564
2026-05-28 16:34:17,937 INFO o.a.j.t.JMeterThread: Thread finished: API Users 1-564
2026-05-28 16:34:17,944 INFO o.a.j.t.JMeterThread: Thread is done: API Users 1-565
2026-05-28 16:34:17,944 INFO o.a.j.t.JMeterThread: Thread finished: API Users 1-565
2026-05-28 16:34:17,946 INFO o.a.j.t.JMeterThread: Thread started: API Users 1-567
2026-05-28 16:34:17,954 INFO o.a.j.t.JMeterThread: Thread is done: API Users 1-566
2026-05-28 16:34:17,954 INFO o.a.j.t.JMeterThread: Thread finished: API Users 1-566
2026-05-28 16:34:17,958 INFO o.a.j.t.JMeterThread: Thread started: API Users 1-568
2026-05-28 16:34:17,964 INFO o.a.j.t.JMeterThread: Thread started: API Users 1-569
2026-05-28 16:34:17,968 INFO o.a.j.t.JMeterThread: Thread is done: API Users 1-567
2026-05-28 16:34:17,968 INFO o.a.j.t.JMeterThread: Thread finished: API Users 1-567
2026-05-28 16:34:17,972 INFO o.a.j.t.JMeterThread: Thread started: API Users 1-570
2026-05-28 16:34:17,979 INFO o.a.j.t.JMeterThread: Thread is done: API Users 1-568
2026-05-28 16:34:17,979 INFO o.a.j.t.JMeterThread: Thread finished: API Users 1-568
2026-05-28 16:34:17,984 INFO o.a.j.t.JMeterThread: Thread is done: API Users 1-569
2026-05-28 16:34:17,984 INFO o.a.j.t.JMeterThread: Thread finished: API Users 1-569
2026-05-28 16:34:17,987 INFO o.a.j.t.JMeterThread: Thread started: API Users 1-571
2026-05-28 16:34:17,993 INFO o.a.j.t.JMeterThread: Thread is done: API Users 1-570
2026-05-28 16:34:17,993 INFO o.a.j.t.JMeterThread: Thread finished: API Users 1-570
2026-05-28 16:34:17,997 INFO o.a.j.t.JMeterThread: Thread started: API Users 1-572
2026-05-28 16:34:18,006 INFO o.a.j.t.JMeterThread: Thread is done: API Users 1-571
2026-05-28 16:34:18,007 INFO o.a.j.t.JMeterThread: Thread finished: API Users 1-571
2026-05-28 16:34:18,008 INFO o.a.j.t.JMeterThread: Thread started: API Users 1-573
2026-05-28 16:34:18,017 INFO o.a.j.t.JMeterThread: Thread started: API Users 1-574
2026-05-28 16:34:18,018 INFO o.a.j.t.JMeterThread: Thread is done: API Users 1-572
2026-05-28 16:34:18,018 INFO o.a.j.t.JMeterThread: Thread finished: API Users 1-572
2026-05-28 16:34:18,026 INFO o.a.j.t.JMeterThread: Thread is done: API Users 1-573
2026-05-28 16:34:18,026 INFO o.a.j.t.JMeterThread: Thread finished: API Users 1-573
2026-05-28 16:34:18,029 INFO o.a.j.t.JMeterThread: Thread started: API Users 1-575
2026-05-28 16:34:18,033 INFO o.a.j.t.JMeterThread: Thread is done: API Users 1-574
2026-05-28 16:34:18,033 INFO o.a.j.t.JMeterThread: Thread finished: API Users 1-574
2026-05-28 16:34:18,037 INFO o.a.j.t.JMeterThread: Thread started: API Users 1-576
2026-05-28 16:34:18,045 INFO o.a.j.t.JMeterThread: Thread is done: API Users 1-575
2026-05-28 16:34:18,045 INFO o.a.j.t.JMeterThread: Thread finished: API Users 1-575
2026-05-28 16:34:18,047 INFO o.a.j.t.JMeterThread: Thread started: API Users 1-577
2026-05-28 16:34:18,051 INFO o.a.j.t.JMeterThread: Thread is done: API Users 1-576
2026-05-28 16:34:18,052 INFO o.a.j.t.JMeterThread: Thread finished: API Users 1-576
2026-05-28 16:34:18,053 INFO o.a.j.t.JMeterThread: Thread started: API Users 1-578
2026-05-28 16:34:18,062 INFO o.a.j.t.JMeterThread: Thread is done: API Users 1-577
2026-05-28 16:34:18,062 INFO o.a.j.t.JMeterThread: Thread finished: API Users 1-577
2026-05-28 16:34:18,065 INFO o.a.j.t.JMeterThread: Thread started: API Users 1-579
2026-05-28 16:34:18,069 INFO o.a.j.t.JMeterThread: Thread is done: API Users 1-578
2026-05-28 16:34:18,069 INFO o.a.j.t.JMeterThread: Thread finished: API Users 1-578
2026-05-28 16:34:18,071 INFO o.a.j.t.JMeterThread: Thread started: API Users 1-580
2026-05-28 16:34:18,080 INFO o.a.j.t.JMeterThread: Thread is done: API Users 1-579
2026-05-28 16:34:18,080 INFO o.a.j.t.JMeterThread: Thread finished: API Users 1-579
2026-05-28 16:34:18,082 INFO o.a.j.t.JMeterThread: Thread started: API Users 1-581
2026-05-28 16:34:18,087 INFO o.a.j.t.JMeterThread: Thread is done: API Users 1-580
2026-05-28 16:34:18,087 INFO o.a.j.t.JMeterThread: Thread finished: API Users 1-580
2026-05-28 16:34:18,094 INFO o.a.j.t.JMeterThread: Thread started: API Users 1-582
2026-05-28 16:34:18,098 INFO o.a.j.t.JMeterThread: Thread is done: API Users 1-581
2026-05-28 16:34:18,098 INFO o.a.j.t.JMeterThread: Thread finished: API Users 1-581
2026-05-28 16:34:18,105 INFO o.a.j.t.JMeterThread: Thread started: API Users 1-583
2026-05-28 16:34:18,111 INFO o.a.j.t.JMeterThread: Thread is done: API Users 1-582
2026-05-28 16:34:18,111 INFO o.a.j.t.JMeterThread: Thread finished: API Users 1-582
2026-05-28 16:34:18,116 INFO o.a.j.t.JMeterThread: Thread started: API Users 1-584
2026-05-28 16:34:18,124 INFO o.a.j.t.JMeterThread: Thread is done: API Users 1-583
2026-05-28 16:34:18,124 INFO o.a.j.t.JMeterThread: Thread started: API Users 1-585
2026-05-28 16:34:18,124 INFO o.a.j.t.JMeterThread: Thread finished: API Users 1-583
2026-05-28 16:34:18,133 INFO o.a.j.t.JMeterThread: Thread is done: API Users 1-584
2026-05-28 16:34:18,133 INFO o.a.j.t.JMeterThread: Thread finished: API Users 1-584
2026-05-28 16:34:18,134 INFO o.a.j.t.JMeterThread: Thread started: API Users 1-586
2026-05-28 16:34:18,141 INFO o.a.j.t.JMeterThread: Thread started: API Users 1-587
2026-05-28 16:34:18,142 INFO o.a.j.t.JMeterThread: Thread is done: API Users 1-585
2026-05-28 16:34:18,142 INFO o.a.j.t.JMeterThread: Thread finished: API Users 1-585
2026-05-28 16:34:18,153 INFO o.a.j.t.JMeterThread: Thread started: API Users 1-588
2026-05-28 16:34:18,154 INFO o.a.j.t.JMeterThread: Thread is done: API Users 1-586
2026-05-28 16:34:18,154 INFO o.a.j.t.JMeterThread: Thread finished: API Users 1-586
2026-05-28 16:34:18,161 INFO o.a.j.t.JMeterThread: Thread is done: API Users 1-587
2026-05-28 16:34:18,161 INFO o.a.j.t.JMeterThread: Thread finished: API Users 1-587
2026-05-28 16:34:18,163 INFO o.a.j.t.JMeterThread: Thread started: API Users 1-589
2026-05-28 16:34:18,170 INFO o.a.j.t.JMeterThread: Thread is done: API Users 1-588
2026-05-28 16:34:18,170 INFO o.a.j.t.JMeterThread: Thread finished: API Users 1-588
2026-05-28 16:34:18,174 INFO o.a.j.t.JMeterThread: Thread started: API Users 1-590
2026-05-28 16:34:18,181 INFO o.a.j.t.JMeterThread: Thread is done: API Users 1-589
2026-05-28 16:34:18,181 INFO o.a.j.t.JMeterThread: Thread finished: API Users 1-589
2026-05-28 16:34:18,182 INFO o.a.j.t.JMeterThread: Thread started: API Users 1-591
2026-05-28 16:34:18,191 INFO o.a.j.t.JMeterThread: Thread started: API Users 1-592
2026-05-28 16:34:18,193 INFO o.a.j.t.JMeterThread: Thread is done: API Users 1-590
2026-05-28 16:34:18,193 INFO o.a.j.t.JMeterThread: Thread finished: API Users 1-590
2026-05-28 16:34:18,201 INFO o.a.j.t.JMeterThread: Thread is done: API Users 1-591
2026-05-28 16:34:18,201 INFO o.a.j.t.JMeterThread: Thread finished: API Users 1-591
2026-05-28 16:34:18,202 INFO o.a.j.t.JMeterThread: Thread started: API Users 1-593
2026-05-28 16:34:18,208 INFO o.a.j.t.JMeterThread: Thread is done: API Users 1-592
2026-05-28 16:34:18,208 INFO o.a.j.t.JMeterThread: Thread finished: API Users 1-592
2026-05-28 16:34:18,216 INFO o.a.j.t.JMeterThread: Thread started: API Users 1-594
2026-05-28 16:34:18,218 INFO o.a.j.t.JMeterThread: Thread is done: API Users 1-593
2026-05-28 16:34:18,218 INFO o.a.j.t.JMeterThread: Thread finished: API Users 1-593
2026-05-28 16:34:18,223 INFO o.a.j.t.JMeterThread: Thread started: API Users 1-595
2026-05-28 16:34:18,235 INFO o.a.j.t.JMeterThread: Thread started: API Users 1-596
2026-05-28 16:34:18,244 INFO o.a.j.t.JMeterThread: Thread is done: API Users 1-594
2026-05-28 16:34:18,244 INFO o.a.j.t.JMeterThread: Thread finished: API Users 1-594
2026-05-28 16:34:18,246 INFO o.a.j.t.JMeterThread: Thread started: API Users 1-597
2026-05-28 16:34:18,249 INFO o.a.j.t.JMeterThread: Thread is done: API Users 1-595
2026-05-28 16:34:18,249 INFO o.a.j.t.JMeterThread: Thread finished: API Users 1-595
2026-05-28 16:34:18,252 INFO o.a.j.t.JMeterThread: Thread started: API Users 1-598
2026-05-28 16:34:18,254 INFO o.a.j.t.JMeterThread: Thread is done: API Users 1-596
2026-05-28 16:34:18,254 INFO o.a.j.t.JMeterThread: Thread finished: API Users 1-596
2026-05-28 16:34:18,263 INFO o.a.j.t.JMeterThread: Thread is done: API Users 1-597
2026-05-28 16:34:18,263 INFO o.a.j.t.JMeterThread: Thread finished: API Users 1-597
2026-05-28 16:34:18,263 INFO o.a.j.t.JMeterThread: Thread started: API Users 1-599
2026-05-28 16:34:18,270 INFO o.a.j.t.JMeterThread: Thread is done: API Users 1-598
2026-05-28 16:34:18,270 INFO o.a.j.t.JMeterThread: Thread finished: API Users 1-598
2026-05-28 16:34:18,274 INFO o.a.j.t.JMeterThread: Thread started: API Users 1-600
2026-05-28 16:34:18,280 INFO o.a.j.t.JMeterThread: Thread is done: API Users 1-599
2026-05-28 16:34:18,280 INFO o.a.j.t.JMeterThread: Thread finished: API Users 1-599
2026-05-28 16:34:18,285 INFO o.a.j.t.JMeterThread: Thread started: API Users 1-601
2026-05-28 16:34:18,290 INFO o.a.j.t.JMeterThread: Thread is done: API Users 1-600
2026-05-28 16:34:18,290 INFO o.a.j.t.JMeterThread: Thread finished: API Users 1-600
2026-05-28 16:34:18,293 INFO o.a.j.t.JMeterThread: Thread started: API Users 1-602
2026-05-28 16:34:18,303 INFO o.a.j.t.JMeterThread: Thread is done: API Users 1-601
2026-05-28 16:34:18,303 INFO o.a.j.t.JMeterThread: Thread finished: API Users 1-601
2026-05-28 16:34:18,305 INFO o.a.j.t.JMeterThread: Thread started: API Users 1-603
2026-05-28 16:34:18,312 INFO o.a.j.t.JMeterThread: Thread is done: API Users 1-602
2026-05-28 16:34:18,312 INFO o.a.j.t.JMeterThread: Thread finished: API Users 1-602
2026-05-28 16:34:18,312 INFO o.a.j.t.JMeterThread: Thread started: API Users 1-604
2026-05-28 16:34:18,321 INFO o.a.j.t.JMeterThread: Thread started: API Users 1-605
2026-05-28 16:34:18,322 INFO o.a.j.t.JMeterThread: Thread is done: API Users 1-603
2026-05-28 16:34:18,322 INFO o.a.j.t.JMeterThread: Thread finished: API Users 1-603
2026-05-28 16:34:18,328 INFO o.a.j.t.JMeterThread: Thread is done: API Users 1-604
2026-05-28 16:34:18,328 INFO o.a.j.t.JMeterThread: Thread finished: API Users 1-604
2026-05-28 16:34:18,332 INFO o.a.j.t.JMeterThread: Thread started: API Users 1-606
2026-05-28 16:34:18,336 INFO o.a.j.t.JMeterThread: Thread is done: API Users 1-605
2026-05-28 16:34:18,337 INFO o.a.j.t.JMeterThread: Thread finished: API Users 1-605
2026-05-28 16:34:18,345 INFO o.a.j.t.JMeterThread: Thread started: API Users 1-607
2026-05-28 16:34:18,348 INFO o.a.j.t.JMeterThread: Thread is done: API Users 1-606
2026-05-28 16:34:18,349 INFO o.a.j.t.JMeterThread: Thread finished: API Users 1-606
2026-05-28 16:34:18,355 INFO o.a.j.t.JMeterThread: Thread started: API Users 1-608
2026-05-28 16:34:18,362 INFO o.a.j.t.JMeterThread: Thread is done: API Users 1-607
2026-05-28 16:34:18,362 INFO o.a.j.t.JMeterThread: Thread finished: API Users 1-607
2026-05-28 16:34:18,363 INFO o.a.j.t.JMeterThread: Thread started: API Users 1-609
2026-05-28 16:34:18,373 INFO o.a.j.t.JMeterThread: Thread started: API Users 1-610
2026-05-28 16:34:18,374 INFO o.a.j.t.JMeterThread: Thread is done: API Users 1-608
2026-05-28 16:34:18,374 INFO o.a.j.t.JMeterThread: Thread finished: API Users 1-608
2026-05-28 16:34:18,381 INFO o.a.j.t.JMeterThread: Thread is done: API Users 1-609
2026-05-28 16:34:18,381 INFO o.a.j.t.JMeterThread: Thread finished: API Users 1-609
2026-05-28 16:34:18,386 INFO o.a.j.t.JMeterThread: Thread started: API Users 1-611
2026-05-28 16:34:18,390 INFO o.a.j.t.JMeterThread: Thread is done: API Users 1-610
2026-05-28 16:34:18,390 INFO o.a.j.t.JMeterThread: Thread finished: API Users 1-610
2026-05-28 16:34:18,396 INFO o.a.j.t.JMeterThread: Thread started: API Users 1-612
2026-05-28 16:34:18,404 INFO o.a.j.t.JMeterThread: Thread started: API Users 1-613
2026-05-28 16:34:18,405 INFO o.a.j.t.JMeterThread: Thread is done: API Users 1-611
2026-05-28 16:34:18,405 INFO o.a.j.t.JMeterThread: Thread finished: API Users 1-611
2026-05-28 16:34:18,415 INFO o.a.j.t.JMeterThread: Thread is done: API Users 1-612
2026-05-28 16:34:18,415 INFO o.a.j.t.JMeterThread: Thread finished: API Users 1-612
2026-05-28 16:34:18,416 INFO o.a.j.t.JMeterThread: Thread started: API Users 1-614
2026-05-28 16:34:18,421 INFO o.a.j.t.JMeterThread: Thread is done: API Users 1-613
2026-05-28 16:34:18,421 INFO o.a.j.t.JMeterThread: Thread finished: API Users 1-613
2026-05-28 16:34:18,426 INFO o.a.j.t.JMeterThread: Thread started: API Users 1-615
2026-05-28 16:34:18,434 INFO o.a.j.t.JMeterThread: Thread is done: API Users 1-614
2026-05-28 16:34:18,434 INFO o.a.j.t.JMeterThread: Thread finished: API Users 1-614
2026-05-28 16:34:18,437 INFO o.a.j.t.JMeterThread: Thread started: API Users 1-616
2026-05-28 16:34:18,442 INFO o.a.j.t.JMeterThread: Thread is done: API Users 1-615
2026-05-28 16:34:18,442 INFO o.a.j.t.JMeterThread: Thread finished: API Users 1-615
2026-05-28 16:34:18,447 INFO o.a.j.t.JMeterThread: Thread started: API Users 1-617
2026-05-28 16:34:18,452 INFO o.a.j.t.JMeterThread: Thread is done: API Users 1-616
2026-05-28 16:34:18,452 INFO o.a.j.t.JMeterThread: Thread finished: API Users 1-616
2026-05-28 16:34:18,453 INFO o.a.j.t.JMeterThread: Thread started: API Users 1-618
2026-05-28 16:34:18,462 INFO o.a.j.t.JMeterThread: Thread is done: API Users 1-617
2026-05-28 16:34:18,462 INFO o.a.j.t.JMeterThread: Thread finished: API Users 1-617
2026-05-28 16:34:18,466 INFO o.a.j.t.JMeterThread: Thread started: API Users 1-619
2026-05-28 16:34:18,468 INFO o.a.j.t.JMeterThread: Thread is done: API Users 1-618
2026-05-28 16:34:18,468 INFO o.a.j.t.JMeterThread: Thread finished: API Users 1-618
2026-05-28 16:34:18,472 INFO o.a.j.t.JMeterThread: Thread started: API Users 1-620
2026-05-28 16:34:18,483 INFO o.a.j.t.JMeterThread: Thread started: API Users 1-621
2026-05-28 16:34:18,484 INFO o.a.j.t.JMeterThread: Thread is done: API Users 1-619
2026-05-28 16:34:18,484 INFO o.a.j.t.JMeterThread: Thread finished: API Users 1-619
2026-05-28 16:34:18,489 INFO o.a.j.t.JMeterThread: Thread is done: API Users 1-620
2026-05-28 16:34:18,489 INFO o.a.j.t.JMeterThread: Thread finished: API Users 1-620
2026-05-28 16:34:18,495 INFO o.a.j.t.JMeterThread: Thread started: API Users 1-622
2026-05-28 16:34:18,501 INFO o.a.j.t.JMeterThread: Thread is done: API Users 1-621
2026-05-28 16:34:18,501 INFO o.a.j.t.JMeterThread: Thread finished: API Users 1-621
2026-05-28 16:34:18,507 INFO o.a.j.t.JMeterThread: Thread started: API Users 1-623
2026-05-28 16:34:18,512 INFO o.a.j.t.JMeterThread: Thread is done: API Users 1-622
2026-05-28 16:34:18,512 INFO o.a.j.t.JMeterThread: Thread finished: API Users 1-622
2026-05-28 16:34:18,515 INFO o.a.j.t.JMeterThread: Thread started: API Users 1-624
2026-05-28 16:34:18,524 INFO o.a.j.t.JMeterThread: Thread is done: API Users 1-623
2026-05-28 16:34:18,524 INFO o.a.j.t.JMeterThread: Thread finished: API Users 1-623
2026-05-28 16:34:18,524 INFO o.a.j.t.JMeterThread: Thread started: API Users 1-625
2026-05-28 16:34:18,531 INFO o.a.j.t.JMeterThread: Thread is done: API Users 1-624
2026-05-28 16:34:18,531 INFO o.a.j.t.JMeterThread: Thread finished: API Users 1-624
2026-05-28 16:34:18,533 INFO o.a.j.t.JMeterThread: Thread started: API Users 1-626
2026-05-28 16:34:18,541 INFO o.a.j.t.JMeterThread: Thread is done: API Users 1-625
2026-05-28 16:34:18,541 INFO o.a.j.t.JMeterThread: Thread finished: API Users 1-625
2026-05-28 16:34:18,544 INFO o.a.j.t.JMeterThread: Thread started: API Users 1-627
2026-05-28 16:34:18,550 INFO o.a.j.t.JMeterThread: Thread is done: API Users 1-626
2026-05-28 16:34:18,550 INFO o.a.j.t.JMeterThread: Thread finished: API Users 1-626
2026-05-28 16:34:18,556 INFO o.a.j.t.JMeterThread: Thread started: API Users 1-628
2026-05-28 16:34:18,562 INFO o.a.j.t.JMeterThread: Thread is done: API Users 1-627
2026-05-28 16:34:18,562 INFO o.a.j.t.JMeterThread: Thread finished: API Users 1-627
2026-05-28 16:34:18,566 INFO o.a.j.t.JMeterThread: Thread started: API Users 1-629
2026-05-28 16:34:18,574 INFO o.a.j.t.JMeterThread: Thread is done: API Users 1-628
2026-05-28 16:34:18,574 INFO o.a.j.t.JMeterThread: Thread finished: API Users 1-628
2026-05-28 16:34:18,574 INFO o.a.j.t.JMeterThread: Thread started: API Users 1-630
2026-05-28 16:34:18,585 INFO o.a.j.t.JMeterThread: Thread is done: API Users 1-629
2026-05-28 16:34:18,585 INFO o.a.j.t.JMeterThread: Thread finished: API Users 1-629
2026-05-28 16:34:18,586 INFO o.a.j.t.JMeterThread: Thread started: API Users 1-631
2026-05-28 16:34:18,593 INFO o.a.j.t.JMeterThread: Thread is done: API Users 1-630
2026-05-28 16:34:18,594 INFO o.a.j.t.JMeterThread: Thread finished: API Users 1-630
2026-05-28 16:34:18,594 INFO o.a.j.t.JMeterThread: Thread started: API Users 1-632
2026-05-28 16:34:18,605 INFO o.a.j.t.JMeterThread: Thread is done: API Users 1-631
2026-05-28 16:34:18,605 INFO o.a.j.t.JMeterThread: Thread finished: API Users 1-631
2026-05-28 16:34:18,605 INFO o.a.j.t.JMeterThread: Thread started: API Users 1-633
2026-05-28 16:34:18,611 INFO o.a.j.t.JMeterThread: Thread started: API Users 1-634
2026-05-28 16:34:18,614 INFO o.a.j.t.JMeterThread: Thread is done: API Users 1-632
2026-05-28 16:34:18,614 INFO o.a.j.t.JMeterThread: Thread finished: API Users 1-632
2026-05-28 16:34:18,625 INFO o.a.j.t.JMeterThread: Thread is done: API Users 1-633
2026-05-28 16:34:18,625 INFO o.a.j.t.JMeterThread: Thread finished: API Users 1-633
2026-05-28 16:34:18,625 INFO o.a.j.t.JMeterThread: Thread started: API Users 1-635
2026-05-28 16:34:18,630 INFO o.a.j.t.JMeterThread: Thread is done: API Users 1-634
2026-05-28 16:34:18,630 INFO o.a.j.t.JMeterThread: Thread finished: API Users 1-634
2026-05-28 16:34:18,632 INFO o.a.j.t.JMeterThread: Thread started: API Users 1-636
2026-05-28 16:34:18,642 INFO o.a.j.t.JMeterThread: Thread started: API Users 1-637
2026-05-28 16:34:18,647 INFO o.a.j.t.JMeterThread: Thread is done: API Users 1-635
2026-05-28 16:34:18,647 INFO o.a.j.t.JMeterThread: Thread finished: API Users 1-635
2026-05-28 16:34:18,654 INFO o.a.j.t.JMeterThread: Thread is done: API Users 1-636
2026-05-28 16:34:18,654 INFO o.a.j.t.JMeterThread: Thread finished: API Users 1-636
2026-05-28 16:34:18,655 INFO o.a.j.t.JMeterThread: Thread started: API Users 1-638
2026-05-28 16:34:18,662 INFO o.a.j.t.JMeterThread: Thread is done: API Users 1-637
2026-05-28 16:34:18,662 INFO o.a.j.t.JMeterThread: Thread finished: API Users 1-637
2026-05-28 16:34:18,666 INFO o.a.j.t.JMeterThread: Thread started: API Users 1-639
2026-05-28 16:34:18,676 INFO o.a.j.t.JMeterThread: Thread started: API Users 1-640
2026-05-28 16:34:18,677 INFO o.a.j.t.JMeterThread: Thread is done: API Users 1-638
2026-05-28 16:34:18,677 INFO o.a.j.t.JMeterThread: Thread finished: API Users 1-638
2026-05-28 16:34:18,691 INFO o.a.j.t.JMeterThread: Thread started: API Users 1-641
2026-05-28 16:34:18,702 INFO o.a.j.t.JMeterThread: Thread started: API Users 1-642
2026-05-28 16:34:18,708 INFO o.a.j.t.JMeterThread: Thread started: API Users 1-643
2026-05-28 16:34:18,709 INFO o.a.j.t.JMeterThread: Thread is done: API Users 1-639
2026-05-28 16:34:18,709 INFO o.a.j.t.JMeterThread: Thread finished: API Users 1-639
2026-05-28 16:34:18,716 INFO o.a.j.t.JMeterThread: Thread is done: API Users 1-640
2026-05-28 16:34:18,716 INFO o.a.j.t.JMeterThread: Thread finished: API Users 1-640
2026-05-28 16:34:18,716 INFO o.a.j.t.JMeterThread: Thread started: API Users 1-644
2026-05-28 16:34:18,718 INFO o.a.j.t.JMeterThread: Thread is done: API Users 1-641
2026-05-28 16:34:18,718 INFO o.a.j.t.JMeterThread: Thread finished: API Users 1-641
2026-05-28 16:34:18,722 INFO o.a.j.t.JMeterThread: Thread is done: API Users 1-642
2026-05-28 16:34:18,722 INFO o.a.j.t.JMeterThread: Thread finished: API Users 1-642
2026-05-28 16:34:18,725 INFO o.a.j.t.JMeterThread: Thread started: API Users 1-645
2026-05-28 16:34:18,728 INFO o.a.j.t.JMeterThread: Thread is done: API Users 1-643
2026-05-28 16:34:18,728 INFO o.a.j.t.JMeterThread: Thread finished: API Users 1-643
2026-05-28 16:34:18,730 INFO o.a.j.t.JMeterThread: Thread started: API Users 1-646
2026-05-28 16:34:18,747 INFO o.a.j.t.JMeterThread: Thread started: API Users 1-647
2026-05-28 16:34:18,747 INFO o.a.j.t.JMeterThread: Thread is done: API Users 1-644
2026-05-28 16:34:18,747 INFO o.a.j.t.JMeterThread: Thread finished: API Users 1-644
2026-05-28 16:34:18,754 INFO o.a.j.t.JMeterThread: Thread started: API Users 1-648
2026-05-28 16:34:18,759 INFO o.a.j.t.JMeterThread: Thread is done: API Users 1-645
2026-05-28 16:34:18,759 INFO o.a.j.t.JMeterThread: Thread finished: API Users 1-645
2026-05-28 16:34:18,760 INFO o.a.j.t.JMeterThread: Thread started: API Users 1-649
2026-05-28 16:34:18,768 INFO o.a.j.t.JMeterThread: Thread is done: API Users 1-646
2026-05-28 16:34:18,768 INFO o.a.j.t.JMeterThread: Thread finished: API Users 1-646
2026-05-28 16:34:18,774 INFO o.a.j.t.JMeterThread: Thread started: API Users 1-650
2026-05-28 16:34:18,775 INFO o.a.j.t.JMeterThread: Thread is done: API Users 1-647
2026-05-28 16:34:18,775 INFO o.a.j.t.JMeterThread: Thread finished: API Users 1-647
2026-05-28 16:34:18,780 INFO o.a.j.t.JMeterThread: Thread started: API Users 1-651
2026-05-28 16:34:18,780 INFO o.a.j.t.JMeterThread: Thread is done: API Users 1-648
2026-05-28 16:34:18,781 INFO o.a.j.t.JMeterThread: Thread finished: API Users 1-648
2026-05-28 16:34:18,786 INFO o.a.j.t.JMeterThread: Thread is done: API Users 1-649
2026-05-28 16:34:18,786 INFO o.a.j.t.JMeterThread: Thread finished: API Users 1-649
2026-05-28 16:34:18,791 INFO o.a.j.t.JMeterThread: Thread started: API Users 1-652
2026-05-28 16:34:18,796 INFO o.a.j.t.JMeterThread: Thread is done: API Users 1-650
2026-05-28 16:34:18,796 INFO o.a.j.t.JMeterThread: Thread finished: API Users 1-650
2026-05-28 16:34:18,802 INFO o.a.j.t.JMeterThread: Thread is done: API Users 1-651
2026-05-28 16:34:18,802 INFO o.a.j.t.JMeterThread: Thread finished: API Users 1-651
2026-05-28 16:34:18,803 INFO o.a.j.t.JMeterThread: Thread started: API Users 1-653
2026-05-28 16:34:18,810 INFO o.a.j.t.JMeterThread: Thread is done: API Users 1-652
2026-05-28 16:34:18,810 INFO o.a.j.t.JMeterThread: Thread finished: API Users 1-652
2026-05-28 16:34:18,813 INFO o.a.j.t.JMeterThread: Thread started: API Users 1-654
2026-05-28 16:34:18,819 INFO o.a.j.t.JMeterThread: Thread is done: API Users 1-653
2026-05-28 16:34:18,819 INFO o.a.j.t.JMeterThread: Thread finished: API Users 1-653
2026-05-28 16:34:18,822 INFO o.a.j.t.JMeterThread: Thread started: API Users 1-655
2026-05-28 16:34:18,828 INFO o.a.j.t.JMeterThread: Thread is done: API Users 1-654
2026-05-28 16:34:18,828 INFO o.a.j.t.JMeterThread: Thread finished: API Users 1-654
2026-05-28 16:34:18,833 INFO o.a.j.t.JMeterThread: Thread started: API Users 1-656
2026-05-28 16:34:18,837 INFO o.a.j.t.JMeterThread: Thread is done: API Users 1-655
2026-05-28 16:34:18,837 INFO o.a.j.t.JMeterThread: Thread finished: API Users 1-655
2026-05-28 16:34:18,844 INFO o.a.j.t.JMeterThread: Thread started: API Users 1-657
2026-05-28 16:34:18,848 INFO o.a.j.t.JMeterThread: Thread is done: API Users 1-656
2026-05-28 16:34:18,848 INFO o.a.j.t.JMeterThread: Thread finished: API Users 1-656
2026-05-28 16:34:18,856 INFO o.a.j.t.JMeterThread: Thread started: API Users 1-658
2026-05-28 16:34:18,860 INFO o.a.j.t.JMeterThread: Thread is done: API Users 1-657
2026-05-28 16:34:18,860 INFO o.a.j.t.JMeterThread: Thread finished: API Users 1-657
2026-05-28 16:34:18,863 INFO o.a.j.t.JMeterThread: Thread started: API Users 1-659
2026-05-28 16:34:18,873 INFO o.a.j.t.JMeterThread: Thread is done: API Users 1-658
2026-05-28 16:34:18,873 INFO o.a.j.t.JMeterThread: Thread finished: API Users 1-658
2026-05-28 16:34:18,874 INFO o.a.j.t.JMeterThread: Thread started: API Users 1-660
2026-05-28 16:34:18,880 INFO o.a.j.t.JMeterThread: Thread is done: API Users 1-659
2026-05-28 16:34:18,880 INFO o.a.j.t.JMeterThread: Thread finished: API Users 1-659
2026-05-28 16:34:18,886 INFO o.a.j.t.JMeterThread: Thread started: API Users 1-661
2026-05-28 16:34:18,894 INFO o.a.j.t.JMeterThread: Thread is done: API Users 1-660
2026-05-28 16:34:18,894 INFO o.a.j.t.JMeterThread: Thread finished: API Users 1-660
2026-05-28 16:34:18,897 INFO o.a.j.t.JMeterThread: Thread started: API Users 1-662
2026-05-28 16:34:18,906 INFO o.a.j.t.JMeterThread: Thread started: API Users 1-663
2026-05-28 16:34:18,907 INFO o.a.j.t.JMeterThread: Thread is done: API Users 1-661
2026-05-28 16:34:18,907 INFO o.a.j.t.JMeterThread: Thread finished: API Users 1-661
2026-05-28 16:34:18,915 INFO o.a.j.t.JMeterThread: Thread is done: API Users 1-662
2026-05-28 16:34:18,915 INFO o.a.j.t.JMeterThread: Thread finished: API Users 1-662
2026-05-28 16:34:18,917 INFO o.a.j.t.JMeterThread: Thread started: API Users 1-664
2026-05-28 16:34:18,923 INFO o.a.j.t.JMeterThread: Thread started: API Users 1-665
2026-05-28 16:34:18,927 INFO o.a.j.t.JMeterThread: Thread is done: API Users 1-663
2026-05-28 16:34:18,927 INFO o.a.j.t.JMeterThread: Thread finished: API Users 1-663
2026-05-28 16:34:18,931 INFO o.a.j.t.JMeterThread: Thread started: API Users 1-666
2026-05-28 16:34:18,940 INFO o.a.j.t.JMeterThread: Thread is done: API Users 1-664
2026-05-28 16:34:18,940 INFO o.a.j.t.JMeterThread: Thread finished: API Users 1-664
2026-05-28 16:34:18,941 INFO o.a.j.t.JMeterThread: Thread started: API Users 1-667
2026-05-28 16:34:18,945 INFO o.a.j.t.JMeterThread: Thread is done: API Users 1-665
2026-05-28 16:34:18,945 INFO o.a.j.t.JMeterThread: Thread finished: API Users 1-665
2026-05-28 16:34:18,956 INFO o.a.j.t.JMeterThread: Thread is done: API Users 1-666
2026-05-28 16:34:18,957 INFO o.a.j.t.JMeterThread: Thread finished: API Users 1-666
2026-05-28 16:34:18,956 INFO o.a.j.t.JMeterThread: Thread started: API Users 1-668
2026-05-28 16:34:18,965 INFO o.a.j.t.JMeterThread: Thread started: API Users 1-669
2026-05-28 16:34:18,972 INFO o.a.j.t.JMeterThread: Thread is done: API Users 1-667
2026-05-28 16:34:18,972 INFO o.a.j.t.JMeterThread: Thread finished: API Users 1-667
2026-05-28 16:34:18,973 INFO o.a.j.t.JMeterThread: Thread started: API Users 1-670
2026-05-28 16:34:19,007 INFO o.a.j.t.JMeterThread: Thread started: API Users 1-671
2026-05-28 16:34:19,008 INFO o.a.j.t.JMeterThread: Thread started: API Users 1-673
2026-05-28 16:34:19,007 INFO o.a.j.t.JMeterThread: Thread started: API Users 1-672
2026-05-28 16:34:19,017 INFO o.a.j.t.JMeterThread: Thread started: API Users 1-674
2026-05-28 16:34:19,024 INFO o.a.j.t.JMeterThread: Thread started: API Users 1-675
2026-05-28 16:34:19,029 INFO o.a.j.t.JMeterThread: Thread is done: API Users 1-668
2026-05-28 16:34:19,029 INFO o.a.j.t.JMeterThread: Thread finished: API Users 1-668
2026-05-28 16:34:19,034 INFO o.a.j.t.JMeterThread: Thread started: API Users 1-676
2026-05-28 16:34:19,035 INFO o.a.j.t.JMeterThread: Thread is done: API Users 1-669
2026-05-28 16:34:19,035 INFO o.a.j.t.JMeterThread: Thread finished: API Users 1-669
2026-05-28 16:34:19,041 INFO o.a.j.t.JMeterThread: Thread started: API Users 1-677
2026-05-28 16:34:19,042 INFO o.a.j.t.JMeterThread: Thread is done: API Users 1-670
2026-05-28 16:34:19,042 INFO o.a.j.t.JMeterThread: Thread finished: API Users 1-670
2026-05-28 16:34:19,045 INFO o.a.j.t.JMeterThread: Thread is done: API Users 1-673
2026-05-28 16:34:19,045 INFO o.a.j.t.JMeterThread: Thread finished: API Users 1-673
2026-05-28 16:34:19,047 INFO o.a.j.t.JMeterThread: Thread is done: API Users 1-671
2026-05-28 16:34:19,047 INFO o.a.j.t.JMeterThread: Thread finished: API Users 1-671
2026-05-28 16:34:19,047 INFO o.a.j.t.JMeterThread: Thread is done: API Users 1-672
2026-05-28 16:34:19,047 INFO o.a.j.t.JMeterThread: Thread finished: API Users 1-672
2026-05-28 16:34:19,051 INFO o.a.j.t.JMeterThread: Thread is done: API Users 1-674
2026-05-28 16:34:19,051 INFO o.a.j.t.JMeterThread: Thread finished: API Users 1-674
2026-05-28 16:34:19,052 INFO o.a.j.t.JMeterThread: Thread started: API Users 1-678
2026-05-28 16:34:19,056 INFO o.a.j.t.JMeterThread: Thread is done: API Users 1-675
2026-05-28 16:34:19,056 INFO o.a.j.t.JMeterThread: Thread finished: API Users 1-675
2026-05-28 16:34:19,059 INFO o.a.j.t.JMeterThread: Thread is done: API Users 1-676
2026-05-28 16:34:19,060 INFO o.a.j.t.JMeterThread: Thread finished: API Users 1-676
2026-05-28 16:34:19,064 INFO o.a.j.t.JMeterThread: Thread is done: API Users 1-677
2026-05-28 16:34:19,064 INFO o.a.j.t.JMeterThread: Thread finished: API Users 1-677
2026-05-28 16:34:19,064 INFO o.a.j.t.JMeterThread: Thread started: API Users 1-679
2026-05-28 16:34:19,071 INFO o.a.j.t.JMeterThread: Thread started: API Users 1-680
2026-05-28 16:34:19,072 INFO o.a.j.t.JMeterThread: Thread is done: API Users 1-678
2026-05-28 16:34:19,072 INFO o.a.j.t.JMeterThread: Thread finished: API Users 1-678
2026-05-28 16:34:19,081 INFO o.a.j.t.JMeterThread: Thread started: API Users 1-681
2026-05-28 16:34:19,084 INFO o.a.j.t.JMeterThread: Thread is done: API Users 1-679
2026-05-28 16:34:19,084 INFO o.a.j.t.JMeterThread: Thread finished: API Users 1-679
2026-05-28 16:34:19,089 INFO o.a.j.t.JMeterThread: Thread is done: API Users 1-680
2026-05-28 16:34:19,089 INFO o.a.j.t.JMeterThread: Thread finished: API Users 1-680
2026-05-28 16:34:19,094 INFO o.a.j.t.JMeterThread: Thread started: API Users 1-682
2026-05-28 16:34:19,098 INFO o.a.j.t.JMeterThread: Thread is done: API Users 1-681
2026-05-28 16:34:19,098 INFO o.a.j.t.JMeterThread: Thread finished: API Users 1-681
2026-05-28 16:34:19,105 INFO o.a.j.t.JMeterThread: Thread started: API Users 1-683
2026-05-28 16:34:19,111 INFO o.a.j.t.JMeterThread: Thread is done: API Users 1-682
2026-05-28 16:34:19,111 INFO o.a.j.t.JMeterThread: Thread finished: API Users 1-682
2026-05-28 16:34:19,116 INFO o.a.j.t.JMeterThread: Thread started: API Users 1-684
2026-05-28 16:34:19,125 INFO o.a.j.t.JMeterThread: Thread started: API Users 1-685
2026-05-28 16:34:19,125 INFO o.a.j.t.JMeterThread: Thread is done: API Users 1-683
2026-05-28 16:34:19,125 INFO o.a.j.t.JMeterThread: Thread finished: API Users 1-683
2026-05-28 16:34:19,134 INFO o.a.j.t.JMeterThread: Thread is done: API Users 1-684
2026-05-28 16:34:19,134 INFO o.a.j.t.JMeterThread: Thread finished: API Users 1-684
2026-05-28 16:34:19,136 INFO o.a.j.t.JMeterThread: Thread started: API Users 1-686
2026-05-28 16:34:19,141 INFO o.a.j.t.JMeterThread: Thread started: API Users 1-687
2026-05-28 16:34:19,142 INFO o.a.j.t.JMeterThread: Thread is done: API Users 1-685
2026-05-28 16:34:19,142 INFO o.a.j.t.JMeterThread: Thread finished: API Users 1-685
2026-05-28 16:34:19,151 INFO o.a.j.t.JMeterThread: Thread started: API Users 1-688
2026-05-28 16:34:19,155 INFO o.a.j.t.JMeterThread: Thread is done: API Users 1-686
2026-05-28 16:34:19,155 INFO o.a.j.t.JMeterThread: Thread finished: API Users 1-686
2026-05-28 16:34:19,160 INFO o.a.j.t.JMeterThread: Thread is done: API Users 1-687
2026-05-28 16:34:19,160 INFO o.a.j.t.JMeterThread: Thread finished: API Users 1-687
2026-05-28 16:34:19,165 INFO o.a.j.t.JMeterThread: Thread started: API Users 1-689
2026-05-28 16:34:19,167 INFO o.a.j.t.JMeterThread: Thread is done: API Users 1-688
2026-05-28 16:34:19,167 INFO o.a.j.t.JMeterThread: Thread finished: API Users 1-688
2026-05-28 16:34:19,175 INFO o.a.j.t.JMeterThread: Thread started: API Users 1-690
2026-05-28 16:34:19,183 INFO o.a.j.t.JMeterThread: Thread started: API Users 1-691
2026-05-28 16:34:19,188 INFO o.a.j.t.JMeterThread: Thread is done: API Users 1-689
2026-05-28 16:34:19,188 INFO o.a.j.t.JMeterThread: Thread finished: API Users 1-689
2026-05-28 16:34:19,191 INFO o.a.j.t.JMeterThread: Thread started: API Users 1-692
2026-05-28 16:34:19,196 INFO o.a.j.t.JMeterThread: Thread is done: API Users 1-690
2026-05-28 16:34:19,196 INFO o.a.j.t.JMeterThread: Thread finished: API Users 1-690
2026-05-28 16:34:19,201 INFO o.a.j.t.JMeterThread: Thread started: API Users 1-693
2026-05-28 16:34:19,202 INFO o.a.j.t.JMeterThread: Thread is done: API Users 1-691
2026-05-28 16:34:19,202 INFO o.a.j.t.JMeterThread: Thread finished: API Users 1-691
2026-05-28 16:34:19,206 INFO o.a.j.t.JMeterThread: Thread is done: API Users 1-692
2026-05-28 16:34:19,206 INFO o.a.j.t.JMeterThread: Thread finished: API Users 1-692
2026-05-28 16:34:19,213 INFO o.a.j.t.JMeterThread: Thread started: API Users 1-694
2026-05-28 16:34:19,216 INFO o.a.j.t.JMeterThread: Thread is done: API Users 1-693
2026-05-28 16:34:19,216 INFO o.a.j.t.JMeterThread: Thread finished: API Users 1-693
2026-05-28 16:34:19,224 INFO o.a.j.t.JMeterThread: Thread started: API Users 1-695
2026-05-28 16:34:19,228 INFO o.a.j.t.JMeterThread: Thread is done: API Users 1-694
2026-05-28 16:34:19,228 INFO o.a.j.t.JMeterThread: Thread finished: API Users 1-694
2026-05-28 16:34:19,231 INFO o.a.j.t.JMeterThread: Thread started: API Users 1-696
2026-05-28 16:34:19,241 INFO o.a.j.t.JMeterThread: Thread started: API Users 1-697
2026-05-28 16:34:19,256 INFO o.a.j.t.JMeterThread: Thread started: API Users 1-698
2026-05-28 16:34:19,262 INFO o.a.j.t.JMeterThread: Thread is done: API Users 1-695
2026-05-28 16:34:19,262 INFO o.a.j.t.JMeterThread: Thread finished: API Users 1-695
2026-05-28 16:34:19,264 INFO o.a.j.t.JMeterThread: Thread started: API Users 1-699
2026-05-28 16:34:19,272 INFO o.a.j.t.JMeterThread: Thread is done: API Users 1-696
2026-05-28 16:34:19,272 INFO o.a.j.t.JMeterThread: Thread finished: API Users 1-696
2026-05-28 16:34:19,273 INFO o.a.j.t.JMeterThread: Thread is done: API Users 1-697
2026-05-28 16:34:19,273 INFO o.a.j.t.JMeterThread: Thread finished: API Users 1-697
2026-05-28 16:34:19,274 INFO o.a.j.t.JMeterThread: Thread started: API Users 1-700
2026-05-28 16:34:19,280 INFO o.a.j.t.JMeterThread: Thread is done: API Users 1-698
2026-05-28 16:34:19,280 INFO o.a.j.t.JMeterThread: Thread finished: API Users 1-698
2026-05-28 16:34:19,283 INFO o.a.j.t.JMeterThread: Thread started: API Users 1-701
2026-05-28 16:34:19,288 INFO o.a.j.t.JMeterThread: Thread is done: API Users 1-699
2026-05-28 16:34:19,288 INFO o.a.j.t.JMeterThread: Thread finished: API Users 1-699
2026-05-28 16:34:19,294 INFO o.a.j.t.JMeterThread: Thread is done: API Users 1-700
2026-05-28 16:34:19,294 INFO o.a.j.t.JMeterThread: Thread finished: API Users 1-700
2026-05-28 16:34:19,295 INFO o.a.j.t.JMeterThread: Thread started: API Users 1-702
2026-05-28 16:34:19,300 INFO o.a.j.t.JMeterThread: Thread is done: API Users 1-701
2026-05-28 16:34:19,300 INFO o.a.j.t.JMeterThread: Thread finished: API Users 1-701
2026-05-28 16:34:19,302 INFO o.a.j.t.JMeterThread: Thread started: API Users 1-703
2026-05-28 16:34:19,314 INFO o.a.j.t.JMeterThread: Thread is done: API Users 1-702
2026-05-28 16:34:19,314 INFO o.a.j.t.JMeterThread: Thread finished: API Users 1-702
2026-05-28 16:34:19,315 INFO o.a.j.t.JMeterThread: Thread started: API Users 1-704
2026-05-28 16:34:19,323 INFO o.a.j.t.JMeterThread: Thread is done: API Users 1-703
2026-05-28 16:34:19,323 INFO o.a.j.t.JMeterThread: Thread finished: API Users 1-703
2026-05-28 16:34:19,324 INFO o.a.j.t.JMeterThread: Thread started: API Users 1-705
2026-05-28 16:34:19,333 INFO o.a.j.t.JMeterThread: Thread started: API Users 1-706
2026-05-28 16:34:19,333 INFO o.a.j.t.JMeterThread: Thread is done: API Users 1-704
2026-05-28 16:34:19,333 INFO o.a.j.t.JMeterThread: Thread finished: API Users 1-704
2026-05-28 16:34:19,342 INFO o.a.j.t.JMeterThread: Thread is done: API Users 1-705
2026-05-28 16:34:19,342 INFO o.a.j.t.JMeterThread: Thread finished: API Users 1-705
2026-05-28 16:34:19,346 INFO o.a.j.t.JMeterThread: Thread started: API Users 1-707
2026-05-28 16:34:19,350 INFO o.a.j.t.JMeterThread: Thread started: API Users 1-708
2026-05-28 16:34:19,351 INFO o.a.j.t.JMeterThread: Thread is done: API Users 1-706
2026-05-28 16:34:19,351 INFO o.a.j.t.JMeterThread: Thread finished: API Users 1-706
2026-05-28 16:34:19,366 INFO o.a.j.t.JMeterThread: Thread started: API Users 1-709
2026-05-28 16:34:19,373 INFO o.a.j.t.JMeterThread: Thread is done: API Users 1-707
2026-05-28 16:34:19,373 INFO o.a.j.t.JMeterThread: Thread finished: API Users 1-707
2026-05-28 16:34:19,375 INFO o.a.j.t.JMeterThread: Thread started: API Users 1-710
2026-05-28 16:34:19,378 INFO o.a.j.t.JMeterThread: Thread is done: API Users 1-708
2026-05-28 16:34:19,378 INFO o.a.j.t.JMeterThread: Thread finished: API Users 1-708
2026-05-28 16:34:19,386 INFO o.a.j.t.JMeterThread: Thread started: API Users 1-711
2026-05-28 16:34:19,388 INFO o.a.j.t.JMeterThread: Thread is done: API Users 1-709
2026-05-28 16:34:19,388 INFO o.a.j.t.JMeterThread: Thread finished: API Users 1-709
2026-05-28 16:34:19,393 INFO o.a.j.t.JMeterThread: Thread started: API Users 1-712
2026-05-28 16:34:19,394 INFO o.a.j.t.JMeterThread: Thread is done: API Users 1-710
2026-05-28 16:34:19,394 INFO o.a.j.t.JMeterThread: Thread finished: API Users 1-710
2026-05-28 16:34:19,404 INFO o.a.j.t.JMeterThread: Thread started: API Users 1-713
2026-05-28 16:34:19,405 INFO o.a.j.t.JMeterThread: Thread is done: API Users 1-711
2026-05-28 16:34:19,405 INFO o.a.j.t.JMeterThread: Thread finished: API Users 1-711
2026-05-28 16:34:19,412 INFO o.a.j.t.JMeterThread: Thread started: API Users 1-714
2026-05-28 16:34:19,413 INFO o.a.j.t.JMeterThread: Thread is done: API Users 1-712
2026-05-28 16:34:19,413 INFO o.a.j.t.JMeterThread: Thread finished: API Users 1-712
2026-05-28 16:34:19,423 INFO o.a.j.t.JMeterThread: Thread started: API Users 1-715
2026-05-28 16:34:19,423 INFO o.a.j.t.JMeterThread: Thread is done: API Users 1-713
2026-05-28 16:34:19,423 INFO o.a.j.t.JMeterThread: Thread finished: API Users 1-713
2026-05-28 16:34:19,430 INFO o.a.j.t.JMeterThread: Thread is done: API Users 1-714
2026-05-28 16:34:19,430 INFO o.a.j.t.JMeterThread: Thread finished: API Users 1-714
2026-05-28 16:34:19,435 INFO o.a.j.t.JMeterThread: Thread started: API Users 1-716
2026-05-28 16:34:19,441 INFO o.a.j.t.JMeterThread: Thread started: API Users 1-717
2026-05-28 16:34:19,443 INFO o.a.j.t.JMeterThread: Thread is done: API Users 1-715
2026-05-28 16:34:19,443 INFO o.a.j.t.JMeterThread: Thread finished: API Users 1-715
2026-05-28 16:34:19,454 INFO o.a.j.t.JMeterThread: Thread is done: API Users 1-716
2026-05-28 16:34:19,454 INFO o.a.j.t.JMeterThread: Thread finished: API Users 1-716
2026-05-28 16:34:19,455 INFO o.a.j.t.JMeterThread: Thread started: API Users 1-718
2026-05-28 16:34:19,459 INFO o.a.j.t.JMeterThread: Thread is done: API Users 1-717
2026-05-28 16:34:19,459 INFO o.a.j.t.JMeterThread: Thread finished: API Users 1-717
2026-05-28 16:34:19,466 INFO o.a.j.t.JMeterThread: Thread started: API Users 1-719
2026-05-28 16:34:19,474 INFO o.a.j.t.JMeterThread: Thread started: API Users 1-720
2026-05-28 16:34:19,476 INFO o.a.j.t.JMeterThread: Thread is done: API Users 1-718
2026-05-28 16:34:19,476 INFO o.a.j.t.JMeterThread: Thread finished: API Users 1-718
2026-05-28 16:34:19,484 INFO o.a.j.t.JMeterThread: Thread started: API Users 1-721
2026-05-28 16:34:19,488 INFO o.a.j.t.JMeterThread: Thread is done: API Users 1-719
2026-05-28 16:34:19,488 INFO o.a.j.t.JMeterThread: Thread finished: API Users 1-719
2026-05-28 16:34:19,492 INFO o.a.j.t.JMeterThread: Thread started: API Users 1-722
2026-05-28 16:34:19,493 INFO o.a.j.t.JMeterThread: Thread is done: API Users 1-720
2026-05-28 16:34:19,493 INFO o.a.j.t.JMeterThread: Thread finished: API Users 1-720
2026-05-28 16:34:19,504 INFO o.a.j.t.JMeterThread: Thread started: API Users 1-723
2026-05-28 16:34:19,506 INFO o.a.j.t.JMeterThread: Thread is done: API Users 1-721
2026-05-28 16:34:19,506 INFO o.a.j.t.JMeterThread: Thread finished: API Users 1-721
2026-05-28 16:34:19,511 INFO o.a.j.t.JMeterThread: Thread started: API Users 1-724
2026-05-28 16:34:19,513 INFO o.a.j.t.JMeterThread: Thread is done: API Users 1-722
2026-05-28 16:34:19,513 INFO o.a.j.t.JMeterThread: Thread finished: API Users 1-722
2026-05-28 16:34:19,523 INFO o.a.j.t.JMeterThread: Thread started: API Users 1-725
2026-05-28 16:34:19,526 INFO o.a.j.t.JMeterThread: Thread is done: API Users 1-723
2026-05-28 16:34:19,526 INFO o.a.j.t.JMeterThread: Thread finished: API Users 1-723
2026-05-28 16:34:19,531 INFO o.a.j.t.JMeterThread: Thread started: API Users 1-726
2026-05-28 16:34:19,534 INFO o.a.j.t.JMeterThread: Thread is done: API Users 1-724
2026-05-28 16:34:19,535 INFO o.a.j.t.JMeterThread: Thread finished: API Users 1-724
2026-05-28 16:34:19,542 INFO o.a.j.t.JMeterThread: Thread is done: API Users 1-725
2026-05-28 16:34:19,542 INFO o.a.j.t.JMeterThread: Thread finished: API Users 1-725
2026-05-28 16:34:19,543 INFO o.a.j.t.JMeterThread: Thread started: API Users 1-727
2026-05-28 16:34:19,547 INFO o.a.j.t.JMeterThread: Thread is done: API Users 1-726
2026-05-28 16:34:19,548 INFO o.a.j.t.JMeterThread: Thread finished: API Users 1-726
2026-05-28 16:34:19,554 INFO o.a.j.t.JMeterThread: Thread started: API Users 1-728
2026-05-28 16:34:19,560 INFO o.a.j.t.JMeterThread: Thread started: API Users 1-729
2026-05-28 16:34:19,562 INFO o.a.j.t.JMeterThread: Thread is done: API Users 1-727
2026-05-28 16:34:19,562 INFO o.a.j.t.JMeterThread: Thread finished: API Users 1-727
2026-05-28 16:34:19,573 INFO o.a.j.t.JMeterThread: Thread started: API Users 1-730
2026-05-28 16:34:19,574 INFO o.a.j.t.JMeterThread: Thread is done: API Users 1-728
2026-05-28 16:34:19,574 INFO o.a.j.t.JMeterThread: Thread finished: API Users 1-728
2026-05-28 16:34:19,581 INFO o.a.j.t.JMeterThread: Thread is done: API Users 1-729
2026-05-28 16:34:19,581 INFO o.a.j.t.JMeterThread: Thread finished: API Users 1-729
2026-05-28 16:34:19,581 INFO o.a.j.t.JMeterThread: Thread started: API Users 1-731
2026-05-28 16:34:19,590 INFO o.a.j.t.JMeterThread: Thread started: API Users 1-732
2026-05-28 16:34:19,592 INFO o.a.j.t.JMeterThread: Thread is done: API Users 1-730
2026-05-28 16:34:19,592 INFO o.a.j.t.JMeterThread: Thread finished: API Users 1-730
2026-05-28 16:34:19,597 INFO o.a.j.t.JMeterThread: Thread is done: API Users 1-731
2026-05-28 16:34:19,597 INFO o.a.j.t.JMeterThread: Thread finished: API Users 1-731
2026-05-28 16:34:19,603 INFO o.a.j.t.JMeterThread: Thread started: API Users 1-733
2026-05-28 16:34:19,605 INFO o.a.j.t.JMeterThread: Thread is done: API Users 1-732
2026-05-28 16:34:19,605 INFO o.a.j.t.JMeterThread: Thread finished: API Users 1-732
2026-05-28 16:34:19,612 INFO o.a.j.t.JMeterThread: Thread started: API Users 1-734
2026-05-28 16:34:19,620 INFO o.a.j.t.JMeterThread: Thread is done: API Users 1-733
2026-05-28 16:34:19,620 INFO o.a.j.t.JMeterThread: Thread finished: API Users 1-733
2026-05-28 16:34:19,624 INFO o.a.j.t.JMeterThread: Thread started: API Users 1-735
2026-05-28 16:34:19,630 INFO o.a.j.t.JMeterThread: Thread is done: API Users 1-734
2026-05-28 16:34:19,630 INFO o.a.j.t.JMeterThread: Thread finished: API Users 1-734
2026-05-28 16:34:19,632 INFO o.a.j.t.JMeterThread: Thread started: API Users 1-736
2026-05-28 16:34:19,641 INFO o.a.j.t.JMeterThread: Thread is done: API Users 1-735
2026-05-28 16:34:19,641 INFO o.a.j.t.JMeterThread: Thread finished: API Users 1-735
2026-05-28 16:34:19,642 INFO o.a.j.t.JMeterThread: Thread started: API Users 1-737
2026-05-28 16:34:19,649 INFO o.a.j.t.JMeterThread: Thread is done: API Users 1-736
2026-05-28 16:34:19,649 INFO o.a.j.t.JMeterThread: Thread finished: API Users 1-736
2026-05-28 16:34:19,655 INFO o.a.j.t.JMeterThread: Thread started: API Users 1-738
2026-05-28 16:34:19,660 INFO o.a.j.t.JMeterThread: Thread is done: API Users 1-737
2026-05-28 16:34:19,660 INFO o.a.j.t.JMeterThread: Thread finished: API Users 1-737
2026-05-28 16:34:19,660 INFO o.a.j.t.JMeterThread: Thread started: API Users 1-739
2026-05-28 16:34:19,671 INFO o.a.j.t.JMeterThread: Thread is done: API Users 1-738
2026-05-28 16:34:19,671 INFO o.a.j.t.JMeterThread: Thread finished: API Users 1-738
2026-05-28 16:34:19,674 INFO o.a.j.t.JMeterThread: Thread started: API Users 1-740
2026-05-28 16:34:19,676 INFO o.a.j.t.JMeterThread: Thread is done: API Users 1-739
2026-05-28 16:34:19,676 INFO o.a.j.t.JMeterThread: Thread finished: API Users 1-739
2026-05-28 16:34:19,683 INFO o.a.j.t.JMeterThread: Thread started: API Users 1-741
2026-05-28 16:34:19,690 INFO o.a.j.t.JMeterThread: Thread started: API Users 1-742
2026-05-28 16:34:19,694 INFO o.a.j.t.JMeterThread: Thread is done: API Users 1-740
2026-05-28 16:34:19,694 INFO o.a.j.t.JMeterThread: Thread finished: API Users 1-740
2026-05-28 16:34:19,701 INFO o.a.j.t.JMeterThread: Thread is done: API Users 1-741
2026-05-28 16:34:19,702 INFO o.a.j.t.JMeterThread: Thread finished: API Users 1-741
2026-05-28 16:34:19,706 INFO o.a.j.t.JMeterThread: Thread started: API Users 1-743
2026-05-28 16:34:19,707 INFO o.a.j.t.JMeterThread: Thread is done: API Users 1-742
2026-05-28 16:34:19,707 INFO o.a.j.t.JMeterThread: Thread finished: API Users 1-742
2026-05-28 16:34:19,715 INFO o.a.j.t.JMeterThread: Thread started: API Users 1-744
2026-05-28 16:34:19,721 INFO o.a.j.t.JMeterThread: Thread is done: API Users 1-743
2026-05-28 16:34:19,721 INFO o.a.j.t.JMeterThread: Thread finished: API Users 1-743
2026-05-28 16:34:19,725 INFO o.a.j.t.JMeterThread: Thread started: API Users 1-745
2026-05-28 16:34:19,730 INFO o.a.j.t.JMeterThread: Thread is done: API Users 1-744
2026-05-28 16:34:19,730 INFO o.a.j.t.JMeterThread: Thread finished: API Users 1-744
2026-05-28 16:34:19,735 INFO o.a.j.t.JMeterThread: Thread started: API Users 1-746
2026-05-28 16:34:19,745 INFO o.a.j.t.JMeterThread: Thread started: API Users 1-747
2026-05-28 16:34:19,751 INFO o.a.j.t.JMeterThread: Thread is done: API Users 1-745
2026-05-28 16:34:19,751 INFO o.a.j.t.JMeterThread: Thread finished: API Users 1-745
2026-05-28 16:34:19,753 INFO o.a.j.t.JMeterThread: Thread started: API Users 1-748
2026-05-28 16:34:19,761 INFO o.a.j.t.JMeterThread: Thread is done: API Users 1-746
2026-05-28 16:34:19,761 INFO o.a.j.t.JMeterThread: Thread finished: API Users 1-746
2026-05-28 16:34:19,762 INFO o.a.j.t.JMeterThread: Thread is done: API Users 1-747
2026-05-28 16:34:19,762 INFO o.a.j.t.JMeterThread: Thread finished: API Users 1-747
2026-05-28 16:34:19,763 INFO o.a.j.t.JMeterThread: Thread started: API Users 1-749
2026-05-28 16:34:19,769 INFO o.a.j.t.JMeterThread: Thread is done: API Users 1-748
2026-05-28 16:34:19,769 INFO o.a.j.t.JMeterThread: Thread finished: API Users 1-748
2026-05-28 16:34:19,774 INFO o.a.j.t.JMeterThread: Thread started: API Users 1-750
2026-05-28 16:34:19,779 INFO o.a.j.t.JMeterThread: Thread is done: API Users 1-749
2026-05-28 16:34:19,779 INFO o.a.j.t.JMeterThread: Thread finished: API Users 1-749
2026-05-28 16:34:19,784 INFO o.a.j.t.JMeterThread: Thread started: API Users 1-751
2026-05-28 16:34:19,790 INFO o.a.j.t.JMeterThread: Thread is done: API Users 1-750
2026-05-28 16:34:19,790 INFO o.a.j.t.JMeterThread: Thread finished: API Users 1-750
2026-05-28 16:34:19,791 INFO o.a.j.t.JMeterThread: Thread started: API Users 1-752
2026-05-28 16:34:19,799 INFO o.a.j.t.JMeterThread: Thread is done: API Users 1-751
2026-05-28 16:34:19,799 INFO o.a.j.t.JMeterThread: Thread finished: API Users 1-751
2026-05-28 16:34:19,805 INFO o.a.j.t.JMeterThread: Thread started: API Users 1-753
2026-05-28 16:34:19,806 INFO o.a.j.t.JMeterThread: Thread is done: API Users 1-752
2026-05-28 16:34:19,806 INFO o.a.j.t.JMeterThread: Thread finished: API Users 1-752
2026-05-28 16:34:19,816 INFO o.a.j.t.JMeterThread: Thread started: API Users 1-754
2026-05-28 16:34:19,824 INFO o.a.j.t.JMeterThread: Thread started: API Users 1-755
2026-05-28 16:34:19,825 INFO o.a.j.t.JMeterThread: Thread is done: API Users 1-753
2026-05-28 16:34:19,825 INFO o.a.j.t.JMeterThread: Thread finished: API Users 1-753
2026-05-28 16:34:19,831 INFO o.a.j.t.JMeterThread: Thread started: API Users 1-756
2026-05-28 16:34:19,836 INFO o.a.j.t.JMeterThread: Thread is done: API Users 1-754
2026-05-28 16:34:19,836 INFO o.a.j.t.JMeterThread: Thread finished: API Users 1-754
2026-05-28 16:34:19,841 INFO o.a.j.t.JMeterThread: Thread started: API Users 1-757
2026-05-28 16:34:19,842 INFO o.a.j.t.JMeterThread: Thread is done: API Users 1-755
2026-05-28 16:34:19,842 INFO o.a.j.t.JMeterThread: Thread finished: API Users 1-755
2026-05-28 16:34:19,848 INFO o.a.j.t.JMeterThread: Thread is done: API Users 1-756
2026-05-28 16:34:19,848 INFO o.a.j.t.JMeterThread: Thread finished: API Users 1-756
2026-05-28 16:34:19,852 INFO o.a.j.t.JMeterThread: Thread started: API Users 1-758
2026-05-28 16:34:19,858 INFO o.a.j.t.JMeterThread: Thread is done: API Users 1-757
2026-05-28 16:34:19,858 INFO o.a.j.t.JMeterThread: Thread finished: API Users 1-757
2026-05-28 16:34:19,863 INFO o.a.j.t.JMeterThread: Thread started: API Users 1-759
2026-05-28 16:34:19,870 INFO o.a.j.t.JMeterThread: Thread is done: API Users 1-758
2026-05-28 16:34:19,870 INFO o.a.j.t.JMeterThread: Thread finished: API Users 1-758
2026-05-28 16:34:19,874 INFO o.a.j.t.JMeterThread: Thread started: API Users 1-760
2026-05-28 16:34:19,880 INFO o.a.j.t.JMeterThread: Thread is done: API Users 1-759
2026-05-28 16:34:19,880 INFO o.a.j.t.JMeterThread: Thread finished: API Users 1-759
2026-05-28 16:34:19,886 INFO o.a.j.t.JMeterThread: Thread started: API Users 1-761
2026-05-28 16:34:19,890 INFO o.a.j.t.JMeterThread: Thread is done: API Users 1-760
2026-05-28 16:34:19,890 INFO o.a.j.t.JMeterThread: Thread finished: API Users 1-760
2026-05-28 16:34:19,892 INFO o.a.j.t.JMeterThread: Thread started: API Users 1-762
2026-05-28 16:34:19,902 INFO o.a.j.t.JMeterThread: Thread is done: API Users 1-761
2026-05-28 16:34:19,903 INFO o.a.j.t.JMeterThread: Thread finished: API Users 1-761
2026-05-28 16:34:19,904 INFO o.a.j.t.JMeterThread: Thread started: API Users 1-763
2026-05-28 16:34:19,908 INFO o.a.j.t.JMeterThread: Thread is done: API Users 1-762
2026-05-28 16:34:19,908 INFO o.a.j.t.JMeterThread: Thread finished: API Users 1-762
2026-05-28 16:34:19,915 INFO o.a.j.t.JMeterThread: Thread started: API Users 1-764
2026-05-28 16:34:19,921 INFO o.a.j.t.JMeterThread: Thread is done: API Users 1-763
2026-05-28 16:34:19,921 INFO o.a.j.t.JMeterThread: Thread finished: API Users 1-763
2026-05-28 16:34:19,922 INFO o.a.j.t.JMeterThread: Thread started: API Users 1-765
2026-05-28 16:34:19,932 INFO o.a.j.t.JMeterThread: Thread is done: API Users 1-764
2026-05-28 16:34:19,932 INFO o.a.j.t.JMeterThread: Thread finished: API Users 1-764
2026-05-28 16:34:19,935 INFO o.a.j.t.JMeterThread: Thread started: API Users 1-766
2026-05-28 16:34:19,939 INFO o.a.j.t.JMeterThread: Thread is done: API Users 1-765
2026-05-28 16:34:19,939 INFO o.a.j.t.JMeterThread: Thread finished: API Users 1-765
2026-05-28 16:34:19,940 INFO o.a.j.t.JMeterThread: Thread started: API Users 1-767
2026-05-28 16:34:19,954 INFO o.a.j.t.JMeterThread: Thread started: API Users 1-768
2026-05-28 16:34:19,956 INFO o.a.j.t.JMeterThread: Thread is done: API Users 1-766
2026-05-28 16:34:19,956 INFO o.a.j.t.JMeterThread: Thread finished: API Users 1-766
2026-05-28 16:34:19,962 INFO o.a.j.t.JMeterThread: Thread is done: API Users 1-767
2026-05-28 16:34:19,962 INFO o.a.j.t.JMeterThread: Thread finished: API Users 1-767
2026-05-28 16:34:19,963 INFO o.a.j.t.JMeterThread: Thread started: API Users 1-769
2026-05-28 16:34:19,975 INFO o.a.j.t.JMeterThread: Thread started: API Users 1-770
2026-05-28 16:34:19,980 INFO o.a.j.t.JMeterThread: Thread is done: API Users 1-768
2026-05-28 16:34:19,980 INFO o.a.j.t.JMeterThread: Thread finished: API Users 1-768
2026-05-28 16:34:19,983 INFO o.a.j.t.JMeterThread: Thread started: API Users 1-771
2026-05-28 16:34:19,987 INFO o.a.j.t.JMeterThread: Thread is done: API Users 1-769
2026-05-28 16:34:19,987 INFO o.a.j.t.JMeterThread: Thread finished: API Users 1-769
2026-05-28 16:34:19,992 INFO o.a.j.t.JMeterThread: Thread started: API Users 1-772
2026-05-28 16:34:19,992 INFO o.a.j.t.JMeterThread: Thread is done: API Users 1-770
2026-05-28 16:34:19,992 INFO o.a.j.t.JMeterThread: Thread finished: API Users 1-770
2026-05-28 16:34:19,999 INFO o.a.j.t.JMeterThread: Thread is done: API Users 1-771
2026-05-28 16:34:19,999 INFO o.a.j.t.JMeterThread: Thread finished: API Users 1-771
2026-05-28 16:34:20,005 INFO o.a.j.t.JMeterThread: Thread started: API Users 1-773
2026-05-28 16:34:20,008 INFO o.a.j.t.JMeterThread: Thread is done: API Users 1-772
2026-05-28 16:34:20,008 INFO o.a.j.t.JMeterThread: Thread finished: API Users 1-772
2026-05-28 16:34:20,015 INFO o.a.j.t.JMeterThread: Thread started: API Users 1-774
2026-05-28 16:34:20,021 INFO o.a.j.t.JMeterThread: Thread started: API Users 1-775
2026-05-28 16:34:20,022 INFO o.a.j.t.JMeterThread: Thread is done: API Users 1-773
2026-05-28 16:34:20,022 INFO o.a.j.t.JMeterThread: Thread finished: API Users 1-773
2026-05-28 16:34:20,032 INFO o.a.j.t.JMeterThread: Thread started: API Users 1-776
2026-05-28 16:34:20,032 INFO o.a.j.t.JMeterThread: Thread is done: API Users 1-774
2026-05-28 16:34:20,032 INFO o.a.j.t.JMeterThread: Thread finished: API Users 1-774
2026-05-28 16:34:20,039 INFO o.a.j.t.JMeterThread: Thread is done: API Users 1-775
2026-05-28 16:34:20,039 INFO o.a.j.t.JMeterThread: Thread finished: API Users 1-775
2026-05-28 16:34:20,041 INFO o.a.j.t.JMeterThread: Thread started: API Users 1-777
2026-05-28 16:34:20,051 INFO o.a.j.t.JMeterThread: Thread is done: API Users 1-776
2026-05-28 16:34:20,051 INFO o.a.j.t.JMeterThread: Thread finished: API Users 1-776
2026-05-28 16:34:20,051 INFO o.a.j.t.JMeterThread: Thread started: API Users 1-778
2026-05-28 16:34:20,057 INFO o.a.j.t.JMeterThread: Thread is done: API Users 1-777
2026-05-28 16:34:20,057 INFO o.a.j.t.JMeterThread: Thread finished: API Users 1-777
2026-05-28 16:34:20,060 INFO o.a.j.t.JMeterThread: Thread started: API Users 1-779
2026-05-28 16:34:20,073 INFO o.a.j.t.JMeterThread: Thread is done: API Users 1-778
2026-05-28 16:34:20,073 INFO o.a.j.t.JMeterThread: Thread finished: API Users 1-778
2026-05-28 16:34:20,074 INFO o.a.j.t.JMeterThread: Thread started: API Users 1-780
2026-05-28 16:34:20,081 INFO o.a.j.t.JMeterThread: Thread started: API Users 1-781
2026-05-28 16:34:20,083 INFO o.a.j.t.JMeterThread: Thread is done: API Users 1-779
2026-05-28 16:34:20,083 INFO o.a.j.t.JMeterThread: Thread finished: API Users 1-779
2026-05-28 16:34:20,091 INFO o.a.j.t.JMeterThread: Thread is done: API Users 1-780
2026-05-28 16:34:20,091 INFO o.a.j.t.JMeterThread: Thread finished: API Users 1-780
2026-05-28 16:34:20,095 INFO o.a.j.t.JMeterThread: Thread started: API Users 1-782
2026-05-28 16:34:20,099 INFO o.a.j.t.JMeterThread: Thread is done: API Users 1-781
2026-05-28 16:34:20,099 INFO o.a.j.t.JMeterThread: Thread finished: API Users 1-781
2026-05-28 16:34:20,102 INFO o.a.j.t.JMeterThread: Thread started: API Users 1-783
2026-05-28 16:34:20,113 INFO o.a.j.t.JMeterThread: Thread started: API Users 1-784
2026-05-28 16:34:20,114 INFO o.a.j.t.JMeterThread: Thread is done: API Users 1-782
2026-05-28 16:34:20,114 INFO o.a.j.t.JMeterThread: Thread finished: API Users 1-782
2026-05-28 16:34:20,122 INFO o.a.j.t.JMeterThread: Thread is done: API Users 1-783
2026-05-28 16:34:20,122 INFO o.a.j.t.JMeterThread: Thread finished: API Users 1-783
2026-05-28 16:34:20,124 INFO o.a.j.t.JMeterThread: Thread started: API Users 1-785
2026-05-28 16:34:20,133 INFO o.a.j.t.JMeterThread: Thread is done: API Users 1-784
2026-05-28 16:34:20,133 INFO o.a.j.t.JMeterThread: Thread finished: API Users 1-784
2026-05-28 16:34:20,135 INFO o.a.j.t.JMeterThread: Thread started: API Users 1-786
2026-05-28 16:34:20,142 INFO o.a.j.t.JMeterThread: Thread started: API Users 1-787
2026-05-28 16:34:20,143 INFO o.a.j.t.JMeterThread: Thread is done: API Users 1-785
2026-05-28 16:34:20,143 INFO o.a.j.t.JMeterThread: Thread finished: API Users 1-785
2026-05-28 16:34:20,154 INFO o.a.j.t.JMeterThread: Thread is done: API Users 1-786
2026-05-28 16:34:20,154 INFO o.a.j.t.JMeterThread: Thread finished: API Users 1-786
2026-05-28 16:34:20,155 INFO o.a.j.t.JMeterThread: Thread started: API Users 1-788
2026-05-28 16:34:20,164 INFO o.a.j.t.JMeterThread: Thread is done: API Users 1-787
2026-05-28 16:34:20,164 INFO o.a.j.t.JMeterThread: Thread finished: API Users 1-787
2026-05-28 16:34:20,165 INFO o.a.j.t.JMeterThread: Thread started: API Users 1-789
2026-05-28 16:34:20,172 INFO o.a.j.t.JMeterThread: Thread started: API Users 1-790
2026-05-28 16:34:20,179 INFO o.a.j.t.JMeterThread: Thread is done: API Users 1-788
2026-05-28 16:34:20,179 INFO o.a.j.t.JMeterThread: Thread finished: API Users 1-788
2026-05-28 16:34:20,182 INFO o.a.j.t.JMeterThread: Thread started: API Users 1-791
2026-05-28 16:34:20,185 INFO o.a.j.t.JMeterThread: Thread is done: API Users 1-789
2026-05-28 16:34:20,185 INFO o.a.j.t.JMeterThread: Thread finished: API Users 1-789
2026-05-28 16:34:20,187 INFO o.a.j.t.JMeterThread: Thread is done: API Users 1-790
2026-05-28 16:34:20,187 INFO o.a.j.t.JMeterThread: Thread finished: API Users 1-790
2026-05-28 16:34:20,191 INFO o.a.j.t.JMeterThread: Thread started: API Users 1-792
2026-05-28 16:34:20,197 INFO o.a.j.t.JMeterThread: Thread is done: API Users 1-791
2026-05-28 16:34:20,197 INFO o.a.j.t.JMeterThread: Thread finished: API Users 1-791
2026-05-28 16:34:20,205 INFO o.a.j.t.JMeterThread: Thread started: API Users 1-793
2026-05-28 16:34:20,207 INFO o.a.j.t.JMeterThread: Thread is done: API Users 1-792
2026-05-28 16:34:20,207 INFO o.a.j.t.JMeterThread: Thread finished: API Users 1-792
2026-05-28 16:34:20,211 INFO o.a.j.t.JMeterThread: Thread started: API Users 1-794
2026-05-28 16:34:20,223 INFO o.a.j.t.JMeterThread: Thread started: API Users 1-795
2026-05-28 16:34:20,225 INFO o.a.j.t.JMeterThread: Thread is done: API Users 1-793
2026-05-28 16:34:20,225 INFO o.a.j.t.JMeterThread: Thread finished: API Users 1-793
2026-05-28 16:34:20,230 INFO o.a.j.t.JMeterThread: Thread is done: API Users 1-794
2026-05-28 16:34:20,230 INFO o.a.j.t.JMeterThread: Thread finished: API Users 1-794
2026-05-28 16:34:20,234 INFO o.a.j.t.JMeterThread: Thread started: API Users 1-796
2026-05-28 16:34:20,240 INFO o.a.j.t.JMeterThread: Thread is done: API Users 1-795
2026-05-28 16:34:20,240 INFO o.a.j.t.JMeterThread: Thread finished: API Users 1-795
2026-05-28 16:34:20,241 INFO o.a.j.t.JMeterThread: Thread started: API Users 1-797
2026-05-28 16:34:20,250 INFO o.a.j.t.JMeterThread: Thread started: API Users 1-798
2026-05-28 16:34:20,262 INFO o.a.j.t.JMeterThread: Thread started: API Users 1-799
2026-05-28 16:34:20,269 INFO o.a.j.t.JMeterThread: Thread is done: API Users 1-796
2026-05-28 16:34:20,269 INFO o.a.j.t.JMeterThread: Thread finished: API Users 1-796
2026-05-28 16:34:20,274 INFO o.a.j.t.JMeterThread: Thread started: API Users 1-800
2026-05-28 16:34:20,275 INFO o.a.j.t.JMeterThread: Thread is done: API Users 1-797
2026-05-28 16:34:20,275 INFO o.a.j.t.JMeterThread: Thread finished: API Users 1-797
2026-05-28 16:34:20,277 INFO o.a.j.t.JMeterThread: Thread is done: API Users 1-798
2026-05-28 16:34:20,277 INFO o.a.j.t.JMeterThread: Thread finished: API Users 1-798
2026-05-28 16:34:20,282 INFO o.a.j.t.JMeterThread: Thread is done: API Users 1-799
2026-05-28 16:34:20,283 INFO o.a.j.t.JMeterThread: Thread finished: API Users 1-799
2026-05-28 16:34:20,285 INFO o.a.j.t.JMeterThread: Thread started: API Users 1-801
2026-05-28 16:34:20,291 INFO o.a.j.t.JMeterThread: Thread is done: API Users 1-800
2026-05-28 16:34:20,291 INFO o.a.j.t.JMeterThread: Thread finished: API Users 1-800
2026-05-28 16:34:20,292 INFO o.a.j.t.JMeterThread: Thread started: API Users 1-802
2026-05-28 16:34:20,301 INFO o.a.j.t.JMeterThread: Thread is done: API Users 1-801
2026-05-28 16:34:20,301 INFO o.a.j.t.JMeterThread: Thread finished: API Users 1-801
2026-05-28 16:34:20,307 INFO o.a.j.t.JMeterThread: Thread started: API Users 1-803
2026-05-28 16:34:20,309 INFO o.a.j.t.JMeterThread: Thread is done: API Users 1-802
2026-05-28 16:34:20,309 INFO o.a.j.t.JMeterThread: Thread finished: API Users 1-802
2026-05-28 16:34:20,315 INFO o.a.j.t.JMeterThread: Thread started: API Users 1-804
2026-05-28 16:34:20,322 INFO o.a.j.t.JMeterThread: Thread started: API Users 1-805
2026-05-28 16:34:20,331 INFO o.a.j.t.JMeterThread: Thread is done: API Users 1-803
2026-05-28 16:34:20,331 INFO o.a.j.t.JMeterThread: Thread finished: API Users 1-803
2026-05-28 16:34:20,334 INFO o.a.j.t.JMeterThread: Thread started: API Users 1-806
2026-05-28 16:34:20,341 INFO o.a.j.t.JMeterThread: Thread is done: API Users 1-805
2026-05-28 16:34:20,341 INFO o.a.j.t.JMeterThread: Thread finished: API Users 1-805
2026-05-28 16:34:20,341 INFO o.a.j.t.JMeterThread: Thread is done: API Users 1-804
2026-05-28 16:34:20,341 INFO o.a.j.t.JMeterThread: Thread finished: API Users 1-804
2026-05-28 16:34:20,345 INFO o.a.j.t.JMeterThread: Thread started: API Users 1-807
2026-05-28 16:34:20,355 INFO o.a.j.t.JMeterThread: Thread started: API Users 1-808
2026-05-28 16:34:20,357 INFO o.a.j.t.JMeterThread: Thread is done: API Users 1-806
2026-05-28 16:34:20,357 INFO o.a.j.t.JMeterThread: Thread finished: API Users 1-806
2026-05-28 16:34:20,366 INFO o.a.j.t.JMeterThread: Thread started: API Users 1-809
2026-05-28 16:34:20,366 INFO o.a.j.t.JMeterThread: Thread is done: API Users 1-807
2026-05-28 16:34:20,366 INFO o.a.j.t.JMeterThread: Thread finished: API Users 1-807
2026-05-28 16:34:20,374 INFO o.a.j.t.JMeterThread: Thread is done: API Users 1-808
2026-05-28 16:34:20,374 INFO o.a.j.t.JMeterThread: Thread finished: API Users 1-808
2026-05-28 16:34:20,374 INFO o.a.j.t.JMeterThread: Thread started: API Users 1-810
2026-05-28 16:34:20,381 INFO o.a.j.t.JMeterThread: Thread started: API Users 1-811
2026-05-28 16:34:20,383 INFO o.a.j.t.JMeterThread: Thread is done: API Users 1-809
2026-05-28 16:34:20,383 INFO o.a.j.t.JMeterThread: Thread finished: API Users 1-809
2026-05-28 16:34:20,390 INFO o.a.j.t.JMeterThread: Thread is done: API Users 1-810
2026-05-28 16:34:20,390 INFO o.a.j.t.JMeterThread: Thread finished: API Users 1-810
2026-05-28 16:34:20,394 INFO o.a.j.t.JMeterThread: Thread started: API Users 1-812
2026-05-28 16:34:20,398 INFO o.a.j.t.JMeterThread: Thread is done: API Users 1-811
2026-05-28 16:34:20,398 INFO o.a.j.t.JMeterThread: Thread finished: API Users 1-811
2026-05-28 16:34:20,400 INFO o.a.j.t.JMeterThread: Thread started: API Users 1-813
2026-05-28 16:34:20,414 INFO o.a.j.t.JMeterThread: Thread started: API Users 1-814
2026-05-28 16:34:20,414 INFO o.a.j.t.JMeterThread: Thread is done: API Users 1-812
2026-05-28 16:34:20,414 INFO o.a.j.t.JMeterThread: Thread finished: API Users 1-812
2026-05-28 16:34:20,422 INFO o.a.j.t.JMeterThread: Thread is done: API Users 1-813
2026-05-28 16:34:20,422 INFO o.a.j.t.JMeterThread: Thread finished: API Users 1-813
2026-05-28 16:34:20,424 INFO o.a.j.t.JMeterThread: Thread started: API Users 1-815
2026-05-28 16:34:20,431 INFO o.a.j.t.JMeterThread: Thread started: API Users 1-816
2026-05-28 16:34:20,432 INFO o.a.j.t.JMeterThread: Thread is done: API Users 1-814
2026-05-28 16:34:20,432 INFO o.a.j.t.JMeterThread: Thread finished: API Users 1-814
2026-05-28 16:34:20,442 INFO o.a.j.t.JMeterThread: Thread is done: API Users 1-815
2026-05-28 16:34:20,442 INFO o.a.j.t.JMeterThread: Thread finished: API Users 1-815
2026-05-28 16:34:20,443 INFO o.a.j.t.JMeterThread: Thread started: API Users 1-817
2026-05-28 16:34:20,448 INFO o.a.j.t.JMeterThread: Thread is done: API Users 1-816
2026-05-28 16:34:20,448 INFO o.a.j.t.JMeterThread: Thread finished: API Users 1-816
2026-05-28 16:34:20,454 INFO o.a.j.t.JMeterThread: Thread started: API Users 1-818
2026-05-28 16:34:20,461 INFO o.a.j.t.JMeterThread: Thread started: API Users 1-819
2026-05-28 16:34:20,466 INFO o.a.j.t.JMeterThread: Thread is done: API Users 1-817
2026-05-28 16:34:20,466 INFO o.a.j.t.JMeterThread: Thread finished: API Users 1-817
2026-05-28 16:34:20,475 INFO o.a.j.t.JMeterThread: Thread started: API Users 1-820
2026-05-28 16:34:20,489 INFO o.a.j.t.JMeterThread: Thread started: API Users 1-821
2026-05-28 16:34:20,494 INFO o.a.j.t.JMeterThread: Thread started: API Users 1-822
2026-05-28 16:34:20,501 INFO o.a.j.t.JMeterThread: Thread started: API Users 1-823
2026-05-28 16:34:20,512 INFO o.a.j.t.JMeterThread: Thread started: API Users 1-824
2026-05-28 16:34:20,521 INFO o.a.j.t.JMeterThread: Thread is done: API Users 1-818
2026-05-28 16:34:20,521 INFO o.a.j.t.JMeterThread: Thread finished: API Users 1-818
2026-05-28 16:34:20,522 INFO o.a.j.t.JMeterThread: Thread started: API Users 1-825
2026-05-28 16:34:20,532 INFO o.a.j.t.JMeterThread: Thread is done: API Users 1-819
2026-05-28 16:34:20,532 INFO o.a.j.t.JMeterThread: Thread finished: API Users 1-819
2026-05-28 16:34:20,532 INFO o.a.j.t.JMeterThread: Thread started: API Users 1-826
2026-05-28 16:34:20,539 INFO o.a.j.t.JMeterThread: Thread is done: API Users 1-820
2026-05-28 16:34:20,539 INFO o.a.j.t.JMeterThread: Thread finished: API Users 1-820
2026-05-28 16:34:20,540 INFO o.a.j.t.JMeterThread: Thread started: API Users 1-827
2026-05-28 16:34:20,543 INFO o.a.j.t.JMeterThread: Thread is done: API Users 1-822
2026-05-28 16:34:20,543 INFO o.a.j.t.JMeterThread: Thread finished: API Users 1-822
2026-05-28 16:34:20,545 INFO o.a.j.t.JMeterThread: Thread is done: API Users 1-823
2026-05-28 16:34:20,545 INFO o.a.j.t.JMeterThread: Thread finished: API Users 1-823
2026-05-28 16:34:20,545 INFO o.a.j.t.JMeterThread: Thread is done: API Users 1-821
2026-05-28 16:34:20,545 INFO o.a.j.t.JMeterThread: Thread finished: API Users 1-821
2026-05-28 16:34:20,547 INFO o.a.j.t.JMeterThread: Thread is done: API Users 1-824
2026-05-28 16:34:20,547 INFO o.a.j.t.JMeterThread: Thread finished: API Users 1-824
2026-05-28 16:34:20,550 INFO o.a.j.t.JMeterThread: Thread is done: API Users 1-825
2026-05-28 16:34:20,550 INFO o.a.j.t.JMeterThread: Thread finished: API Users 1-825
2026-05-28 16:34:20,551 INFO o.a.j.t.JMeterThread: Thread started: API Users 1-828
2026-05-28 16:34:20,555 INFO o.a.j.t.JMeterThread: Thread is done: API Users 1-826
2026-05-28 16:34:20,555 INFO o.a.j.t.JMeterThread: Thread finished: API Users 1-826
2026-05-28 16:34:20,559 INFO o.a.j.t.JMeterThread: Thread is done: API Users 1-827
2026-05-28 16:34:20,559 INFO o.a.j.t.JMeterThread: Thread finished: API Users 1-827
2026-05-28 16:34:20,560 INFO o.a.j.t.JMeterThread: Thread started: API Users 1-829
2026-05-28 16:34:20,566 INFO o.a.j.t.JMeterThread: Thread is done: API Users 1-828
2026-05-28 16:34:20,566 INFO o.a.j.t.JMeterThread: Thread finished: API Users 1-828
2026-05-28 16:34:20,570 INFO o.a.j.t.JMeterThread: Thread started: API Users 1-830
2026-05-28 16:34:20,574 INFO o.a.j.t.JMeterThread: Thread is done: API Users 1-829
2026-05-28 16:34:20,574 INFO o.a.j.t.JMeterThread: Thread finished: API Users 1-829
2026-05-28 16:34:20,581 INFO o.a.j.t.JMeterThread: Thread started: API Users 1-831
2026-05-28 16:34:20,583 INFO o.a.j.t.JMeterThread: Thread is done: API Users 1-830
2026-05-28 16:34:20,583 INFO o.a.j.t.JMeterThread: Thread finished: API Users 1-830
2026-05-28 16:34:20,591 INFO o.a.j.t.JMeterThread: Thread started: API Users 1-832
2026-05-28 16:34:20,595 INFO o.a.j.t.JMeterThread: Thread is done: API Users 1-831
2026-05-28 16:34:20,595 INFO o.a.j.t.JMeterThread: Thread finished: API Users 1-831
2026-05-28 16:34:20,600 INFO o.a.j.t.JMeterThread: Thread started: API Users 1-833
2026-05-28 16:34:20,605 INFO o.a.j.t.JMeterThread: Thread is done: API Users 1-832
2026-05-28 16:34:20,605 INFO o.a.j.t.JMeterThread: Thread finished: API Users 1-832
2026-05-28 16:34:20,610 INFO o.a.j.t.JMeterThread: Thread started: API Users 1-834
2026-05-28 16:34:20,614 INFO o.a.j.t.JMeterThread: Thread is done: API Users 1-833
2026-05-28 16:34:20,614 INFO o.a.j.t.JMeterThread: Thread finished: API Users 1-833
2026-05-28 16:34:20,624 INFO o.a.j.t.JMeterThread: Thread started: API Users 1-835
2026-05-28 16:34:20,625 INFO o.a.j.t.JMeterThread: Thread is done: API Users 1-834
2026-05-28 16:34:20,626 INFO o.a.j.t.JMeterThread: Thread finished: API Users 1-834
2026-05-28 16:34:20,632 INFO o.a.j.t.JMeterThread: Thread started: API Users 1-836
2026-05-28 16:34:20,637 INFO o.a.j.t.JMeterThread: Thread is done: API Users 1-835
2026-05-28 16:34:20,637 INFO o.a.j.t.JMeterThread: Thread finished: API Users 1-835
2026-05-28 16:34:20,641 INFO o.a.j.t.JMeterThread: Thread started: API Users 1-837
2026-05-28 16:34:20,646 INFO o.a.j.t.JMeterThread: Thread is done: API Users 1-836
2026-05-28 16:34:20,646 INFO o.a.j.t.JMeterThread: Thread finished: API Users 1-836
2026-05-28 16:34:20,651 INFO o.a.j.t.JMeterThread: Thread started: API Users 1-838
2026-05-28 16:34:20,654 INFO o.a.j.t.JMeterThread: Thread is done: API Users 1-837
2026-05-28 16:34:20,654 INFO o.a.j.t.JMeterThread: Thread finished: API Users 1-837
2026-05-28 16:34:20,661 INFO o.a.j.t.JMeterThread: Thread started: API Users 1-839
2026-05-28 16:34:20,664 INFO o.a.j.t.JMeterThread: Thread is done: API Users 1-838
2026-05-28 16:34:20,664 INFO o.a.j.t.JMeterThread: Thread finished: API Users 1-838
2026-05-28 16:34:20,673 INFO o.a.j.t.JMeterThread: Thread started: API Users 1-840
2026-05-28 16:34:20,674 INFO o.a.j.t.JMeterThread: Thread is done: API Users 1-839
2026-05-28 16:34:20,674 INFO o.a.j.t.JMeterThread: Thread finished: API Users 1-839
2026-05-28 16:34:20,680 INFO o.a.j.t.JMeterThread: Thread started: API Users 1-841
2026-05-28 16:34:20,686 INFO o.a.j.t.JMeterThread: Thread is done: API Users 1-840
2026-05-28 16:34:20,686 INFO o.a.j.t.JMeterThread: Thread finished: API Users 1-840
2026-05-28 16:34:20,690 INFO o.a.j.t.JMeterThread: Thread started: API Users 1-842
2026-05-28 16:34:20,693 INFO o.a.j.t.JMeterThread: Thread is done: API Users 1-841
2026-05-28 16:34:20,693 INFO o.a.j.t.JMeterThread: Thread finished: API Users 1-841
2026-05-28 16:34:20,701 INFO o.a.j.t.JMeterThread: Thread started: API Users 1-843
2026-05-28 16:34:20,703 INFO o.a.j.t.JMeterThread: Thread is done: API Users 1-842
2026-05-28 16:34:20,703 INFO o.a.j.t.JMeterThread: Thread finished: API Users 1-842
2026-05-28 16:34:20,710 INFO o.a.j.t.JMeterThread: Thread started: API Users 1-844
2026-05-28 16:34:20,714 INFO o.a.j.t.JMeterThread: Thread is done: API Users 1-843
2026-05-28 16:34:20,714 INFO o.a.j.t.JMeterThread: Thread finished: API Users 1-843
2026-05-28 16:34:20,721 INFO o.a.j.t.JMeterThread: Thread started: API Users 1-845
2026-05-28 16:34:20,724 INFO o.a.j.t.JMeterThread: Thread is done: API Users 1-844
2026-05-28 16:34:20,724 INFO o.a.j.t.JMeterThread: Thread finished: API Users 1-844
2026-05-28 16:34:20,732 INFO o.a.j.t.JMeterThread: Thread started: API Users 1-846
2026-05-28 16:34:20,735 INFO o.a.j.t.JMeterThread: Thread is done: API Users 1-845
2026-05-28 16:34:20,735 INFO o.a.j.t.JMeterThread: Thread finished: API Users 1-845
2026-05-28 16:34:20,745 INFO o.a.j.t.JMeterThread: Thread started: API Users 1-847
2026-05-28 16:34:20,752 INFO o.a.j.t.JMeterThread: Thread started: API Users 1-848
2026-05-28 16:34:20,756 INFO o.a.j.t.JMeterThread: Thread is done: API Users 1-846
2026-05-28 16:34:20,756 INFO o.a.j.t.JMeterThread: Thread finished: API Users 1-846
2026-05-28 16:34:20,760 INFO o.a.j.t.JMeterThread: Thread started: API Users 1-849
2026-05-28 16:34:20,764 INFO o.a.j.t.JMeterThread: Thread is done: API Users 1-847
2026-05-28 16:34:20,764 INFO o.a.j.t.JMeterThread: Thread finished: API Users 1-847
2026-05-28 16:34:20,767 INFO o.a.j.t.JMeterThread: Thread is done: API Users 1-848
2026-05-28 16:34:20,767 INFO o.a.j.t.JMeterThread: Thread finished: API Users 1-848
2026-05-28 16:34:20,774 INFO o.a.j.t.JMeterThread: Thread started: API Users 1-850
2026-05-28 16:34:20,774 INFO o.a.j.t.JMeterThread: Thread is done: API Users 1-849
2026-05-28 16:34:20,774 INFO o.a.j.t.JMeterThread: Thread finished: API Users 1-849
2026-05-28 16:34:20,781 INFO o.a.j.t.JMeterThread: Thread started: API Users 1-851
2026-05-28 16:34:20,787 INFO o.a.j.t.JMeterThread: Thread is done: API Users 1-850
2026-05-28 16:34:20,787 INFO o.a.j.t.JMeterThread: Thread finished: API Users 1-850
2026-05-28 16:34:20,791 INFO o.a.j.t.JMeterThread: Thread started: API Users 1-852
2026-05-28 16:34:20,794 INFO o.a.j.t.JMeterThread: Thread is done: API Users 1-851
2026-05-28 16:34:20,794 INFO o.a.j.t.JMeterThread: Thread finished: API Users 1-851
2026-05-28 16:34:20,801 INFO o.a.j.t.JMeterThread: Thread started: API Users 1-853
2026-05-28 16:34:20,804 INFO o.a.j.t.JMeterThread: Thread is done: API Users 1-852
2026-05-28 16:34:20,804 INFO o.a.j.t.JMeterThread: Thread finished: API Users 1-852
2026-05-28 16:34:20,811 INFO o.a.j.t.JMeterThread: Thread started: API Users 1-854
2026-05-28 16:34:20,815 INFO o.a.j.t.JMeterThread: Thread is done: API Users 1-853
2026-05-28 16:34:20,815 INFO o.a.j.t.JMeterThread: Thread finished: API Users 1-853
2026-05-28 16:34:20,823 INFO o.a.j.t.JMeterThread: Thread started: API Users 1-855
2026-05-28 16:34:20,825 INFO o.a.j.t.JMeterThread: Thread is done: API Users 1-854
2026-05-28 16:34:20,825 INFO o.a.j.t.JMeterThread: Thread finished: API Users 1-854
2026-05-28 16:34:20,832 INFO o.a.j.t.JMeterThread: Thread started: API Users 1-856
2026-05-28 16:34:20,840 INFO o.a.j.t.JMeterThread: Thread is done: API Users 1-855
2026-05-28 16:34:20,840 INFO o.a.j.t.JMeterThread: Thread finished: API Users 1-855
2026-05-28 16:34:20,842 INFO o.a.j.t.JMeterThread: Thread started: API Users 1-857
2026-05-28 16:34:20,849 INFO o.a.j.t.JMeterThread: Thread is done: API Users 1-856
2026-05-28 16:34:20,849 INFO o.a.j.t.JMeterThread: Thread finished: API Users 1-856
2026-05-28 16:34:20,851 INFO o.a.j.t.JMeterThread: Thread started: API Users 1-858
2026-05-28 16:34:20,861 INFO o.a.j.t.JMeterThread: Thread is done: API Users 1-857
2026-05-28 16:34:20,861 INFO o.a.j.t.JMeterThread: Thread finished: API Users 1-857
2026-05-28 16:34:20,863 INFO o.a.j.t.JMeterThread: Thread started: API Users 1-859
2026-05-28 16:34:20,871 INFO o.a.j.t.JMeterThread: Thread is done: API Users 1-858
2026-05-28 16:34:20,871 INFO o.a.j.t.JMeterThread: Thread finished: API Users 1-858
2026-05-28 16:34:20,874 INFO o.a.j.t.JMeterThread: Thread started: API Users 1-860
2026-05-28 16:34:20,885 INFO o.a.j.t.JMeterThread: Thread started: API Users 1-861
2026-05-28 16:34:20,886 INFO o.a.j.t.JMeterThread: Thread is done: API Users 1-859
2026-05-28 16:34:20,886 INFO o.a.j.t.JMeterThread: Thread finished: API Users 1-859
2026-05-28 16:34:20,891 INFO o.a.j.t.JMeterThread: Thread started: API Users 1-862
2026-05-28 16:34:20,896 INFO o.a.j.t.JMeterThread: Thread is done: API Users 1-860
2026-05-28 16:34:20,896 INFO o.a.j.t.JMeterThread: Thread finished: API Users 1-860
2026-05-28 16:34:20,902 INFO o.a.j.t.JMeterThread: Thread started: API Users 1-863
2026-05-28 16:34:20,904 INFO o.a.j.t.JMeterThread: Thread is done: API Users 1-861
2026-05-28 16:34:20,904 INFO o.a.j.t.JMeterThread: Thread finished: API Users 1-861
2026-05-28 16:34:20,907 INFO o.a.j.t.JMeterThread: Thread is done: API Users 1-862
2026-05-28 16:34:20,907 INFO o.a.j.t.JMeterThread: Thread finished: API Users 1-862
2026-05-28 16:34:20,912 INFO o.a.j.t.JMeterThread: Thread started: API Users 1-864
2026-05-28 16:34:20,918 INFO o.a.j.t.JMeterThread: Thread is done: API Users 1-863
2026-05-28 16:34:20,918 INFO o.a.j.t.JMeterThread: Thread finished: API Users 1-863
2026-05-28 16:34:20,925 INFO o.a.j.t.JMeterThread: Thread started: API Users 1-865
2026-05-28 16:34:20,928 INFO o.a.j.t.JMeterThread: Thread is done: API Users 1-864
2026-05-28 16:34:20,928 INFO o.a.j.t.JMeterThread: Thread finished: API Users 1-864
2026-05-28 16:34:20,931 INFO o.a.j.t.JMeterThread: Thread started: API Users 1-866
2026-05-28 16:34:20,940 INFO o.a.j.t.JMeterThread: Thread is done: API Users 1-865
2026-05-28 16:34:20,940 INFO o.a.j.t.JMeterThread: Thread finished: API Users 1-865
2026-05-28 16:34:20,946 INFO o.a.j.t.JMeterThread: Thread started: API Users 1-867
2026-05-28 16:34:20,947 INFO o.a.j.t.JMeterThread: Thread is done: API Users 1-866
2026-05-28 16:34:20,948 INFO o.a.j.t.JMeterThread: Thread finished: API Users 1-866
2026-05-28 16:34:20,955 INFO o.a.j.t.JMeterThread: Thread started: API Users 1-868
2026-05-28 16:34:20,963 INFO o.a.j.t.JMeterThread: Thread is done: API Users 1-867
2026-05-28 16:34:20,963 INFO o.a.j.t.JMeterThread: Thread finished: API Users 1-867
2026-05-28 16:34:20,965 INFO o.a.j.t.JMeterThread: Thread started: API Users 1-869
2026-05-28 16:34:20,973 INFO o.a.j.t.JMeterThread: Thread started: API Users 1-870
2026-05-28 16:34:20,974 INFO o.a.j.t.JMeterThread: Thread is done: API Users 1-868
2026-05-28 16:34:20,974 INFO o.a.j.t.JMeterThread: Thread finished: API Users 1-868
2026-05-28 16:34:20,985 INFO o.a.j.t.JMeterThread: Thread started: API Users 1-871
2026-05-28 16:34:20,986 INFO o.a.j.t.JMeterThread: Thread is done: API Users 1-869
2026-05-28 16:34:20,986 INFO o.a.j.t.JMeterThread: Thread finished: API Users 1-869
2026-05-28 16:34:20,991 INFO o.a.j.t.JMeterThread: Thread started: API Users 1-872
2026-05-28 16:34:20,992 INFO o.a.j.t.JMeterThread: Thread is done: API Users 1-870
2026-05-28 16:34:20,992 INFO o.a.j.t.JMeterThread: Thread finished: API Users 1-870
2026-05-28 16:34:21,005 INFO o.a.j.t.JMeterThread: Thread is done: API Users 1-871
2026-05-28 16:34:21,005 INFO o.a.j.t.JMeterThread: Thread finished: API Users 1-871
2026-05-28 16:34:21,005 INFO o.a.j.t.JMeterThread: Thread started: API Users 1-873
2026-05-28 16:34:21,012 INFO o.a.j.t.JMeterThread: Thread started: API Users 1-874
2026-05-28 16:34:21,013 INFO o.a.j.t.JMeterThread: Thread is done: API Users 1-872
2026-05-28 16:34:21,014 INFO o.a.j.t.JMeterThread: Thread finished: API Users 1-872
2026-05-28 16:34:21,025 INFO o.a.j.t.JMeterThread: Thread started: API Users 1-875
2026-05-28 16:34:21,026 INFO o.a.j.t.JMeterThread: Thread is done: API Users 1-873
2026-05-28 16:34:21,026 INFO o.a.j.t.JMeterThread: Thread finished: API Users 1-873
2026-05-28 16:34:21,031 INFO o.a.j.t.JMeterThread: Thread is done: API Users 1-874
2026-05-28 16:34:21,031 INFO o.a.j.t.JMeterThread: Thread finished: API Users 1-874
2026-05-28 16:34:21,032 INFO o.a.j.t.JMeterThread: Thread started: API Users 1-876
2026-05-28 16:34:21,043 INFO o.a.j.t.JMeterThread: Thread started: API Users 1-877
2026-05-28 16:34:21,046 INFO o.a.j.t.JMeterThread: Thread is done: API Users 1-875
2026-05-28 16:34:21,046 INFO o.a.j.t.JMeterThread: Thread finished: API Users 1-875
2026-05-28 16:34:21,050 INFO o.a.j.t.JMeterThread: Thread started: API Users 1-878
2026-05-28 16:34:21,051 INFO o.a.j.t.JMeterThread: Thread is done: API Users 1-876
2026-05-28 16:34:21,051 INFO o.a.j.t.JMeterThread: Thread finished: API Users 1-876
2026-05-28 16:34:21,062 INFO o.a.j.t.JMeterThread: Thread is done: API Users 1-877
2026-05-28 16:34:21,062 INFO o.a.j.t.JMeterThread: Thread finished: API Users 1-877
2026-05-28 16:34:21,065 INFO o.a.j.t.JMeterThread: Thread started: API Users 1-879
2026-05-28 16:34:21,070 INFO o.a.j.t.JMeterThread: Thread is done: API Users 1-878
2026-05-28 16:34:21,070 INFO o.a.j.t.JMeterThread: Thread finished: API Users 1-878
2026-05-28 16:34:21,074 INFO o.a.j.t.JMeterThread: Thread started: API Users 1-880
2026-05-28 16:34:21,080 INFO o.a.j.t.JMeterThread: Thread started: API Users 1-881
2026-05-28 16:34:21,087 INFO o.a.j.t.JMeterThread: Thread is done: API Users 1-879
2026-05-28 16:34:21,087 INFO o.a.j.t.JMeterThread: Thread finished: API Users 1-879
2026-05-28 16:34:21,096 INFO o.a.j.t.JMeterThread: Thread started: API Users 1-882
2026-05-28 16:34:21,097 INFO o.a.j.t.JMeterThread: Thread is done: API Users 1-880
2026-05-28 16:34:21,097 INFO o.a.j.t.JMeterThread: Thread finished: API Users 1-880
2026-05-28 16:34:21,103 INFO o.a.j.t.JMeterThread: Thread is done: API Users 1-881
2026-05-28 16:34:21,103 INFO o.a.j.t.JMeterThread: Thread finished: API Users 1-881
2026-05-28 16:34:21,103 INFO o.a.j.t.JMeterThread: Thread started: API Users 1-883
2026-05-28 16:34:21,114 INFO o.a.j.t.JMeterThread: Thread started: API Users 1-884
2026-05-28 16:34:21,115 INFO o.a.j.t.JMeterThread: Thread is done: API Users 1-882
2026-05-28 16:34:21,115 INFO o.a.j.t.JMeterThread: Thread finished: API Users 1-882
2026-05-28 16:34:21,120 INFO o.a.j.t.JMeterThread: Thread is done: API Users 1-883
2026-05-28 16:34:21,120 INFO o.a.j.t.JMeterThread: Thread finished: API Users 1-883
2026-05-28 16:34:21,120 INFO o.a.j.t.JMeterThread: Thread started: API Users 1-885
2026-05-28 16:34:21,131 INFO o.a.j.t.JMeterThread: Thread started: API Users 1-886
2026-05-28 16:34:21,133 INFO o.a.j.t.JMeterThread: Thread is done: API Users 1-884
2026-05-28 16:34:21,133 INFO o.a.j.t.JMeterThread: Thread finished: API Users 1-884
2026-05-28 16:34:21,140 INFO o.a.j.t.JMeterThread: Thread is done: API Users 1-885
2026-05-28 16:34:21,140 INFO o.a.j.t.JMeterThread: Thread finished: API Users 1-885
2026-05-28 16:34:21,141 INFO o.a.j.t.JMeterThread: Thread started: API Users 1-887
2026-05-28 16:34:21,151 INFO o.a.j.t.JMeterThread: Thread started: API Users 1-888
2026-05-28 16:34:21,152 INFO o.a.j.t.JMeterThread: Thread is done: API Users 1-886
2026-05-28 16:34:21,152 INFO o.a.j.t.JMeterThread: Thread finished: API Users 1-886
2026-05-28 16:34:21,160 INFO o.a.j.t.JMeterThread: Thread is done: API Users 1-887
2026-05-28 16:34:21,160 INFO o.a.j.t.JMeterThread: Thread finished: API Users 1-887
2026-05-28 16:34:21,165 INFO o.a.j.t.JMeterThread: Thread started: API Users 1-889
2026-05-28 16:34:21,169 INFO o.a.j.t.JMeterThread: Thread is done: API Users 1-888
2026-05-28 16:34:21,170 INFO o.a.j.t.JMeterThread: Thread finished: API Users 1-888
2026-05-28 16:34:21,174 INFO o.a.j.t.JMeterThread: Thread started: API Users 1-890
2026-05-28 16:34:21,182 INFO o.a.j.t.JMeterThread: Thread started: API Users 1-891
2026-05-28 16:34:21,183 INFO o.a.j.t.JMeterThread: Thread is done: API Users 1-889
2026-05-28 16:34:21,183 INFO o.a.j.t.JMeterThread: Thread finished: API Users 1-889
2026-05-28 16:34:21,191 INFO o.a.j.t.JMeterThread: Thread is done: API Users 1-890
2026-05-28 16:34:21,191 INFO o.a.j.t.JMeterThread: Thread finished: API Users 1-890
2026-05-28 16:34:21,195 INFO o.a.j.t.JMeterThread: Thread started: API Users 1-892
2026-05-28 16:34:21,200 INFO o.a.j.t.JMeterThread: Thread is done: API Users 1-891
2026-05-28 16:34:21,200 INFO o.a.j.t.JMeterThread: Thread finished: API Users 1-891
2026-05-28 16:34:21,205 INFO o.a.j.t.JMeterThread: Thread started: API Users 1-893
2026-05-28 16:34:21,213 INFO o.a.j.t.JMeterThread: Thread is done: API Users 1-892
2026-05-28 16:34:21,213 INFO o.a.j.t.JMeterThread: Thread finished: API Users 1-892
2026-05-28 16:34:21,215 INFO o.a.j.t.JMeterThread: Thread started: API Users 1-894
2026-05-28 16:34:21,221 INFO o.a.j.t.JMeterThread: Thread is done: API Users 1-893
2026-05-28 16:34:21,221 INFO o.a.j.t.JMeterThread: Thread finished: API Users 1-893
2026-05-28 16:34:21,224 INFO o.a.j.t.JMeterThread: Thread started: API Users 1-895
2026-05-28 16:34:21,230 INFO o.a.j.t.JMeterThread: Thread is done: API Users 1-894
2026-05-28 16:34:21,230 INFO o.a.j.t.JMeterThread: Thread finished: API Users 1-894
2026-05-28 16:34:21,233 INFO o.a.j.t.JMeterThread: Thread started: API Users 1-896
2026-05-28 16:34:21,239 INFO o.a.j.t.JMeterThread: Thread is done: API Users 1-895
2026-05-28 16:34:21,239 INFO o.a.j.t.JMeterThread: Thread finished: API Users 1-895
2026-05-28 16:34:21,241 INFO o.a.j.t.JMeterThread: Thread started: API Users 1-897
2026-05-28 16:34:21,251 INFO o.a.j.t.JMeterThread: Thread started: API Users 1-898
2026-05-28 16:34:21,261 INFO o.a.j.t.JMeterThread: Thread is done: API Users 1-896
2026-05-28 16:34:21,261 INFO o.a.j.t.JMeterThread: Thread finished: API Users 1-896
2026-05-28 16:34:21,265 INFO o.a.j.t.JMeterThread: Thread started: API Users 1-899
2026-05-28 16:34:21,271 INFO o.a.j.t.JMeterThread: Thread started: API Users 1-900
2026-05-28 16:34:21,274 INFO o.a.j.t.JMeterThread: Thread is done: API Users 1-897
2026-05-28 16:34:21,274 INFO o.a.j.t.JMeterThread: Thread finished: API Users 1-897
2026-05-28 16:34:21,276 INFO o.a.j.t.JMeterThread: Thread is done: API Users 1-898
2026-05-28 16:34:21,276 INFO o.a.j.t.JMeterThread: Thread finished: API Users 1-898
2026-05-28 16:34:21,281 INFO o.a.j.t.JMeterThread: Thread started: API Users 1-901
2026-05-28 16:34:21,285 INFO o.a.j.t.JMeterThread: Thread is done: API Users 1-899
2026-05-28 16:34:21,285 INFO o.a.j.t.JMeterThread: Thread finished: API Users 1-899
2026-05-28 16:34:21,288 INFO o.a.j.t.JMeterThread: Thread is done: API Users 1-900
2026-05-28 16:34:21,288 INFO o.a.j.t.JMeterThread: Thread finished: API Users 1-900
2026-05-28 16:34:21,292 INFO o.a.j.t.JMeterThread: Thread started: API Users 1-902
2026-05-28 16:34:21,296 INFO o.a.j.t.JMeterThread: Thread is done: API Users 1-901
2026-05-28 16:34:21,296 INFO o.a.j.t.JMeterThread: Thread finished: API Users 1-901
2026-05-28 16:34:21,300 INFO o.a.j.t.JMeterThread: Thread started: API Users 1-903
2026-05-28 16:34:21,307 INFO o.a.j.t.JMeterThread: Thread is done: API Users 1-902
2026-05-28 16:34:21,307 INFO o.a.j.t.JMeterThread: Thread finished: API Users 1-902
2026-05-28 16:34:21,310 INFO o.a.j.t.JMeterThread: Thread started: API Users 1-904
2026-05-28 16:34:21,315 INFO o.a.j.t.JMeterThread: Thread is done: API Users 1-903
2026-05-28 16:34:21,315 INFO o.a.j.t.JMeterThread: Thread finished: API Users 1-903
2026-05-28 16:34:21,320 INFO o.a.j.t.JMeterThread: Thread started: API Users 1-905
2026-05-28 16:34:21,325 INFO o.a.j.t.JMeterThread: Thread is done: API Users 1-904
2026-05-28 16:34:21,325 INFO o.a.j.t.JMeterThread: Thread finished: API Users 1-904
2026-05-28 16:34:21,330 INFO o.a.j.t.JMeterThread: Thread started: API Users 1-906
2026-05-28 16:34:21,335 INFO o.a.j.t.JMeterThread: Thread is done: API Users 1-905
2026-05-28 16:34:21,335 INFO o.a.j.t.JMeterThread: Thread finished: API Users 1-905
2026-05-28 16:34:21,342 INFO o.a.j.t.JMeterThread: Thread started: API Users 1-907
2026-05-28 16:34:21,345 INFO o.a.j.t.JMeterThread: Thread is done: API Users 1-906
2026-05-28 16:34:21,345 INFO o.a.j.t.JMeterThread: Thread finished: API Users 1-906
2026-05-28 16:34:21,354 INFO o.a.j.t.JMeterThread: Thread started: API Users 1-908
2026-05-28 16:34:21,356 INFO o.a.j.t.JMeterThread: Thread is done: API Users 1-907
2026-05-28 16:34:21,356 INFO o.a.j.t.JMeterThread: Thread finished: API Users 1-907
2026-05-28 16:34:21,362 INFO o.a.j.t.JMeterThread: Thread started: API Users 1-909
2026-05-28 16:34:21,368 INFO o.a.j.t.JMeterThread: Thread is done: API Users 1-908
2026-05-28 16:34:21,368 INFO o.a.j.t.JMeterThread: Thread finished: API Users 1-908
2026-05-28 16:34:21,373 INFO o.a.j.t.JMeterThread: Thread started: API Users 1-910
2026-05-28 16:34:21,376 INFO o.a.j.t.JMeterThread: Thread is done: API Users 1-909
2026-05-28 16:34:21,376 INFO o.a.j.t.JMeterThread: Thread finished: API Users 1-909
2026-05-28 16:34:21,381 INFO o.a.j.t.JMeterThread: Thread started: API Users 1-911
2026-05-28 16:34:21,388 INFO o.a.j.t.JMeterThread: Thread is done: API Users 1-910
2026-05-28 16:34:21,388 INFO o.a.j.t.JMeterThread: Thread finished: API Users 1-910
2026-05-28 16:34:21,392 INFO o.a.j.t.JMeterThread: Thread started: API Users 1-912
2026-05-28 16:34:21,398 INFO o.a.j.t.JMeterThread: Thread is done: API Users 1-911
2026-05-28 16:34:21,398 INFO o.a.j.t.JMeterThread: Thread finished: API Users 1-911
2026-05-28 16:34:21,405 INFO o.a.j.t.JMeterThread: Thread started: API Users 1-913
2026-05-28 16:34:21,410 INFO o.a.j.t.JMeterThread: Thread is done: API Users 1-912
2026-05-28 16:34:21,410 INFO o.a.j.t.JMeterThread: Thread finished: API Users 1-912
2026-05-28 16:34:21,416 INFO o.a.j.t.JMeterThread: Thread started: API Users 1-914
2026-05-28 16:34:21,420 INFO o.a.j.t.JMeterThread: Thread is done: API Users 1-913
2026-05-28 16:34:21,420 INFO o.a.j.t.JMeterThread: Thread finished: API Users 1-913
2026-05-28 16:34:21,424 INFO o.a.j.t.JMeterThread: Thread started: API Users 1-915
2026-05-28 16:34:21,431 INFO o.a.j.t.JMeterThread: Thread is done: API Users 1-914
2026-05-28 16:34:21,432 INFO o.a.j.t.JMeterThread: Thread finished: API Users 1-914
2026-05-28 16:34:21,436 INFO o.a.j.t.JMeterThread: Thread started: API Users 1-916
2026-05-28 16:34:21,439 INFO o.a.j.t.JMeterThread: Thread is done: API Users 1-915
2026-05-28 16:34:21,440 INFO o.a.j.t.JMeterThread: Thread finished: API Users 1-915
2026-05-28 16:34:21,445 INFO o.a.j.t.JMeterThread: Thread started: API Users 1-917
2026-05-28 16:34:21,451 INFO o.a.j.t.JMeterThread: Thread is done: API Users 1-916
2026-05-28 16:34:21,451 INFO o.a.j.t.JMeterThread: Thread finished: API Users 1-916
2026-05-28 16:34:21,455 INFO o.a.j.t.JMeterThread: Thread started: API Users 1-918
2026-05-28 16:34:21,461 INFO o.a.j.t.JMeterThread: Thread started: API Users 1-919
2026-05-28 16:34:21,462 INFO o.a.j.t.JMeterThread: Thread is done: API Users 1-917
2026-05-28 16:34:21,462 INFO o.a.j.t.JMeterThread: Thread finished: API Users 1-917
2026-05-28 16:34:21,472 INFO o.a.j.t.JMeterThread: Thread is done: API Users 1-918
2026-05-28 16:34:21,472 INFO o.a.j.t.JMeterThread: Thread finished: API Users 1-918
2026-05-28 16:34:21,474 INFO o.a.j.t.JMeterThread: Thread started: API Users 1-920
2026-05-28 16:34:21,478 INFO o.a.j.t.JMeterThread: Thread is done: API Users 1-919
2026-05-28 16:34:21,479 INFO o.a.j.t.JMeterThread: Thread finished: API Users 1-919
2026-05-28 16:34:21,483 INFO o.a.j.t.JMeterThread: Thread started: API Users 1-921
2026-05-28 16:34:21,490 INFO o.a.j.t.JMeterThread: Thread started: API Users 1-922
2026-05-28 16:34:21,491 INFO o.a.j.t.JMeterThread: Thread is done: API Users 1-920
2026-05-28 16:34:21,491 INFO o.a.j.t.JMeterThread: Thread finished: API Users 1-920
2026-05-28 16:34:21,500 INFO o.a.j.t.JMeterThread: Thread is done: API Users 1-921
2026-05-28 16:34:21,500 INFO o.a.j.t.JMeterThread: Thread finished: API Users 1-921
2026-05-28 16:34:21,502 INFO o.a.j.t.JMeterThread: Thread started: API Users 1-923
2026-05-28 16:34:21,508 INFO o.a.j.t.JMeterThread: Thread is done: API Users 1-922
2026-05-28 16:34:21,508 INFO o.a.j.t.JMeterThread: Thread finished: API Users 1-922
2026-05-28 16:34:21,511 INFO o.a.j.t.JMeterThread: Thread started: API Users 1-924
2026-05-28 16:34:21,517 INFO o.a.j.t.JMeterThread: Thread is done: API Users 1-923
2026-05-28 16:34:21,517 INFO o.a.j.t.JMeterThread: Thread finished: API Users 1-923
2026-05-28 16:34:21,524 INFO o.a.j.t.JMeterThread: Thread started: API Users 1-925
2026-05-28 16:34:21,528 INFO o.a.j.t.JMeterThread: Thread is done: API Users 1-924
2026-05-28 16:34:21,528 INFO o.a.j.t.JMeterThread: Thread finished: API Users 1-924
2026-05-28 16:34:21,531 INFO o.a.j.t.JMeterThread: Thread started: API Users 1-926
2026-05-28 16:34:21,541 INFO o.a.j.t.JMeterThread: Thread started: API Users 1-927
2026-05-28 16:34:21,544 INFO o.a.j.t.JMeterThread: Thread is done: API Users 1-925
2026-05-28 16:34:21,544 INFO o.a.j.t.JMeterThread: Thread finished: API Users 1-925
2026-05-28 16:34:21,548 INFO o.a.j.t.JMeterThread: Thread is done: API Users 1-926
2026-05-28 16:34:21,548 INFO o.a.j.t.JMeterThread: Thread finished: API Users 1-926
2026-05-28 16:34:21,550 INFO o.a.j.t.JMeterThread: Thread started: API Users 1-928
2026-05-28 16:34:21,556 INFO o.a.j.t.JMeterThread: Thread is done: API Users 1-927
2026-05-28 16:34:21,556 INFO o.a.j.t.JMeterThread: Thread finished: API Users 1-927
2026-05-28 16:34:21,562 INFO o.a.j.t.JMeterThread: Thread started: API Users 1-929
2026-05-28 16:34:21,568 INFO o.a.j.t.JMeterThread: Thread is done: API Users 1-928
2026-05-28 16:34:21,568 INFO o.a.j.t.JMeterThread: Thread finished: API Users 1-928
2026-05-28 16:34:21,574 INFO o.a.j.t.JMeterThread: Thread started: API Users 1-930
2026-05-28 16:34:21,580 INFO o.a.j.t.JMeterThread: Thread is done: API Users 1-929
2026-05-28 16:34:21,580 INFO o.a.j.t.JMeterThread: Thread finished: API Users 1-929
2026-05-28 16:34:21,582 INFO o.a.j.t.JMeterThread: Thread started: API Users 1-931
2026-05-28 16:34:21,594 INFO o.a.j.t.JMeterThread: Thread started: API Users 1-932
2026-05-28 16:34:21,595 INFO o.a.j.t.JMeterThread: Thread is done: API Users 1-930
2026-05-28 16:34:21,595 INFO o.a.j.t.JMeterThread: Thread finished: API Users 1-930
2026-05-28 16:34:21,602 INFO o.a.j.t.JMeterThread: Thread is done: API Users 1-931
2026-05-28 16:34:21,602 INFO o.a.j.t.JMeterThread: Thread finished: API Users 1-931
2026-05-28 16:34:21,604 INFO o.a.j.t.JMeterThread: Thread started: API Users 1-933
2026-05-28 16:34:21,609 INFO o.a.j.t.JMeterThread: Thread is done: API Users 1-932
2026-05-28 16:34:21,609 INFO o.a.j.t.JMeterThread: Thread finished: API Users 1-932
2026-05-28 16:34:21,615 INFO o.a.j.t.JMeterThread: Thread started: API Users 1-934
2026-05-28 16:34:21,619 INFO o.a.j.t.JMeterThread: Thread is done: API Users 1-933
2026-05-28 16:34:21,619 INFO o.a.j.t.JMeterThread: Thread finished: API Users 1-933
2026-05-28 16:34:21,623 INFO o.a.j.t.JMeterThread: Thread started: API Users 1-935
2026-05-28 16:34:21,629 INFO o.a.j.t.JMeterThread: Thread is done: API Users 1-934
2026-05-28 16:34:21,629 INFO o.a.j.t.JMeterThread: Thread finished: API Users 1-934
2026-05-28 16:34:21,631 INFO o.a.j.t.JMeterThread: Thread started: API Users 1-936
2026-05-28 16:34:21,638 INFO o.a.j.t.JMeterThread: Thread is done: API Users 1-935
2026-05-28 16:34:21,638 INFO o.a.j.t.JMeterThread: Thread finished: API Users 1-935
2026-05-28 16:34:21,645 INFO o.a.j.t.JMeterThread: Thread started: API Users 1-937
2026-05-28 16:34:21,649 INFO o.a.j.t.JMeterThread: Thread is done: API Users 1-936
2026-05-28 16:34:21,649 INFO o.a.j.t.JMeterThread: Thread finished: API Users 1-936
2026-05-28 16:34:21,652 INFO o.a.j.t.JMeterThread: Thread started: API Users 1-938
2026-05-28 16:34:21,662 INFO o.a.j.t.JMeterThread: Thread is done: API Users 1-937
2026-05-28 16:34:21,662 INFO o.a.j.t.JMeterThread: Thread finished: API Users 1-937
2026-05-28 16:34:21,664 INFO o.a.j.t.JMeterThread: Thread started: API Users 1-939
2026-05-28 16:34:21,667 INFO o.a.j.t.JMeterThread: Thread is done: API Users 1-938
2026-05-28 16:34:21,667 INFO o.a.j.t.JMeterThread: Thread finished: API Users 1-938
2026-05-28 16:34:21,674 INFO o.a.j.t.JMeterThread: Thread started: API Users 1-940
2026-05-28 16:34:21,678 INFO o.a.j.t.JMeterThread: Thread is done: API Users 1-939
2026-05-28 16:34:21,678 INFO o.a.j.t.JMeterThread: Thread finished: API Users 1-939
2026-05-28 16:34:21,682 INFO o.a.j.t.JMeterThread: Thread started: API Users 1-941
2026-05-28 16:34:21,691 INFO o.a.j.t.JMeterThread: Thread is done: API Users 1-940
2026-05-28 16:34:21,691 INFO o.a.j.t.JMeterThread: Thread finished: API Users 1-940
2026-05-28 16:34:21,694 INFO o.a.j.t.JMeterThread: Thread started: API Users 1-942
2026-05-28 16:34:21,702 INFO o.a.j.t.JMeterThread: Thread is done: API Users 1-941
2026-05-28 16:34:21,702 INFO o.a.j.t.JMeterThread: Thread finished: API Users 1-941
2026-05-28 16:34:21,705 INFO o.a.j.t.JMeterThread: Thread started: API Users 1-943
2026-05-28 16:34:21,711 INFO o.a.j.t.JMeterThread: Thread started: API Users 1-944
2026-05-28 16:34:21,714 INFO o.a.j.t.JMeterThread: Thread is done: API Users 1-942
2026-05-28 16:34:21,714 INFO o.a.j.t.JMeterThread: Thread finished: API Users 1-942
2026-05-28 16:34:21,723 INFO o.a.j.t.JMeterThread: Thread started: API Users 1-945
2026-05-28 16:34:21,724 INFO o.a.j.t.JMeterThread: Thread is done: API Users 1-943
2026-05-28 16:34:21,724 INFO o.a.j.t.JMeterThread: Thread finished: API Users 1-943
2026-05-28 16:34:21,731 INFO o.a.j.t.JMeterThread: Thread is done: API Users 1-944
2026-05-28 16:34:21,731 INFO o.a.j.t.JMeterThread: Thread finished: API Users 1-944
2026-05-28 16:34:21,735 INFO o.a.j.t.JMeterThread: Thread started: API Users 1-946
2026-05-28 16:34:21,741 INFO o.a.j.t.JMeterThread: Thread started: API Users 1-947
2026-05-28 16:34:21,742 INFO o.a.j.t.JMeterThread: Thread is done: API Users 1-945
2026-05-28 16:34:21,742 INFO o.a.j.t.JMeterThread: Thread finished: API Users 1-945
2026-05-28 16:34:21,755 INFO o.a.j.t.JMeterThread: Thread started: API Users 1-948
2026-05-28 16:34:21,761 INFO o.a.j.t.JMeterThread: Thread started: API Users 1-949
2026-05-28 16:34:21,765 INFO o.a.j.t.JMeterThread: Thread is done: API Users 1-946
2026-05-28 16:34:21,765 INFO o.a.j.t.JMeterThread: Thread finished: API Users 1-946
2026-05-28 16:34:21,773 INFO o.a.j.t.JMeterThread: Thread is done: API Users 1-947
2026-05-28 16:34:21,773 INFO o.a.j.t.JMeterThread: Thread finished: API Users 1-947
2026-05-28 16:34:21,774 INFO o.a.j.t.JMeterThread: Thread started: API Users 1-950
2026-05-28 16:34:21,779 INFO o.a.j.t.JMeterThread: Thread is done: API Users 1-948
2026-05-28 16:34:21,779 INFO o.a.j.t.JMeterThread: Thread finished: API Users 1-948
2026-05-28 16:34:21,782 INFO o.a.j.t.JMeterThread: Thread started: API Users 1-951
2026-05-28 16:34:21,785 INFO o.a.j.t.JMeterThread: Thread is done: API Users 1-949
2026-05-28 16:34:21,786 INFO o.a.j.t.JMeterThread: Thread finished: API Users 1-949
2026-05-28 16:34:21,795 INFO o.a.j.t.JMeterThread: Thread started: API Users 1-952
2026-05-28 16:34:21,795 INFO o.a.j.t.JMeterThread: Thread is done: API Users 1-950
2026-05-28 16:34:21,795 INFO o.a.j.t.JMeterThread: Thread finished: API Users 1-950
2026-05-28 16:34:21,800 INFO o.a.j.t.JMeterThread: Thread started: API Users 1-953
2026-05-28 16:34:21,807 INFO o.a.j.t.JMeterThread: Thread is done: API Users 1-951
2026-05-28 16:34:21,807 INFO o.a.j.t.JMeterThread: Thread finished: API Users 1-951
2026-05-28 16:34:21,815 INFO o.a.j.t.JMeterThread: Thread started: API Users 1-954
2026-05-28 16:34:21,821 INFO o.a.j.t.JMeterThread: Thread is done: API Users 1-952
2026-05-28 16:34:21,821 INFO o.a.j.t.JMeterThread: Thread finished: API Users 1-952
2026-05-28 16:34:21,823 INFO o.a.j.t.JMeterThread: Thread started: API Users 1-955
2026-05-28 16:34:21,825 INFO o.a.j.t.JMeterThread: Thread is done: API Users 1-953
2026-05-28 16:34:21,825 INFO o.a.j.t.JMeterThread: Thread finished: API Users 1-953
2026-05-28 16:34:21,831 INFO o.a.j.t.JMeterThread: Thread started: API Users 1-956
2026-05-28 16:34:21,832 INFO o.a.j.t.JMeterThread: Thread is done: API Users 1-954
2026-05-28 16:34:21,832 INFO o.a.j.t.JMeterThread: Thread finished: API Users 1-954
2026-05-28 16:34:21,839 INFO o.a.j.t.JMeterThread: Thread is done: API Users 1-955
2026-05-28 16:34:21,839 INFO o.a.j.t.JMeterThread: Thread finished: API Users 1-955
2026-05-28 16:34:21,843 INFO o.a.j.t.JMeterThread: Thread started: API Users 1-957
2026-05-28 16:34:21,850 INFO o.a.j.t.JMeterThread: Thread is done: API Users 1-956
2026-05-28 16:34:21,850 INFO o.a.j.t.JMeterThread: Thread finished: API Users 1-956
2026-05-28 16:34:21,855 INFO o.a.j.t.JMeterThread: Thread started: API Users 1-958
2026-05-28 16:34:21,862 INFO o.a.j.t.JMeterThread: Thread is done: API Users 1-957
2026-05-28 16:34:21,862 INFO o.a.j.t.JMeterThread: Thread finished: API Users 1-957
2026-05-28 16:34:21,862 INFO o.a.j.t.JMeterThread: Thread started: API Users 1-959
2026-05-28 16:34:21,873 INFO o.a.j.t.JMeterThread: Thread started: API Users 1-960
2026-05-28 16:34:21,876 INFO o.a.j.t.JMeterThread: Thread is done: API Users 1-958
2026-05-28 16:34:21,876 INFO o.a.j.t.JMeterThread: Thread finished: API Users 1-958
2026-05-28 16:34:21,885 INFO o.a.j.t.JMeterThread: Thread is done: API Users 1-959
2026-05-28 16:34:21,885 INFO o.a.j.t.JMeterThread: Thread finished: API Users 1-959
2026-05-28 16:34:21,885 INFO o.a.j.t.JMeterThread: Thread started: API Users 1-961
2026-05-28 16:34:21,893 INFO o.a.j.t.JMeterThread: Thread is done: API Users 1-960
2026-05-28 16:34:21,893 INFO o.a.j.t.JMeterThread: Thread finished: API Users 1-960
2026-05-28 16:34:21,896 INFO o.a.j.t.JMeterThread: Thread started: API Users 1-962
2026-05-28 16:34:21,905 INFO o.a.j.t.JMeterThread: Thread is done: API Users 1-961
2026-05-28 16:34:21,905 INFO o.a.j.t.JMeterThread: Thread finished: API Users 1-961
2026-05-28 16:34:21,905 INFO o.a.j.t.JMeterThread: Thread started: API Users 1-963
2026-05-28 16:34:21,914 INFO o.a.j.t.JMeterThread: Thread is done: API Users 1-962
2026-05-28 16:34:21,914 INFO o.a.j.t.JMeterThread: Thread finished: API Users 1-962
2026-05-28 16:34:21,915 INFO o.a.j.t.JMeterThread: Thread started: API Users 1-964
2026-05-28 16:34:21,921 INFO o.a.j.t.JMeterThread: Thread is done: API Users 1-963
2026-05-28 16:34:21,921 INFO o.a.j.t.JMeterThread: Thread finished: API Users 1-963
2026-05-28 16:34:21,924 INFO o.a.j.t.JMeterThread: Thread started: API Users 1-965
2026-05-28 16:34:21,930 INFO o.a.j.t.JMeterThread: Thread is done: API Users 1-964
2026-05-28 16:34:21,930 INFO o.a.j.t.JMeterThread: Thread finished: API Users 1-964
2026-05-28 16:34:21,932 INFO o.a.j.t.JMeterThread: Thread started: API Users 1-966
2026-05-28 16:34:21,940 INFO o.a.j.t.JMeterThread: Thread is done: API Users 1-965
2026-05-28 16:34:21,940 INFO o.a.j.t.JMeterThread: Thread finished: API Users 1-965
2026-05-28 16:34:21,943 INFO o.a.j.t.JMeterThread: Thread started: API Users 1-967
2026-05-28 16:34:21,947 INFO o.a.j.t.JMeterThread: Thread is done: API Users 1-966
2026-05-28 16:34:21,947 INFO o.a.j.t.JMeterThread: Thread finished: API Users 1-966
2026-05-28 16:34:21,955 INFO o.a.j.t.JMeterThread: Thread started: API Users 1-968
2026-05-28 16:34:21,959 INFO o.a.j.t.JMeterThread: Thread is done: API Users 1-967
2026-05-28 16:34:21,959 INFO o.a.j.t.JMeterThread: Thread finished: API Users 1-967
2026-05-28 16:34:21,962 INFO o.a.j.t.JMeterThread: Thread started: API Users 1-969
2026-05-28 16:34:21,975 INFO o.a.j.t.JMeterThread: Thread started: API Users 1-970
2026-05-28 16:34:21,979 INFO o.a.j.t.JMeterThread: Thread is done: API Users 1-968
2026-05-28 16:34:21,979 INFO o.a.j.t.JMeterThread: Thread finished: API Users 1-968
2026-05-28 16:34:21,980 INFO o.a.j.t.JMeterThread: Thread started: API Users 1-971
2026-05-28 16:34:21,989 INFO o.a.j.t.JMeterThread: Thread is done: API Users 1-969
2026-05-28 16:34:21,989 INFO o.a.j.t.JMeterThread: Thread finished: API Users 1-969
2026-05-28 16:34:21,995 INFO o.a.j.t.JMeterThread: Thread started: API Users 1-972
2026-05-28 16:34:21,997 INFO o.a.j.t.JMeterThread: Thread is done: API Users 1-970
2026-05-28 16:34:21,997 INFO o.a.j.t.JMeterThread: Thread finished: API Users 1-970
2026-05-28 16:34:22,001 INFO o.a.j.t.JMeterThread: Thread started: API Users 1-973
2026-05-28 16:34:22,002 INFO o.a.j.t.JMeterThread: Thread is done: API Users 1-971
2026-05-28 16:34:22,002 INFO o.a.j.t.JMeterThread: Thread finished: API Users 1-971
2026-05-28 16:34:22,012 INFO o.a.j.t.JMeterThread: Thread is done: API Users 1-972
2026-05-28 16:34:22,012 INFO o.a.j.t.JMeterThread: Thread finished: API Users 1-972
2026-05-28 16:34:22,016 INFO o.a.j.t.JMeterThread: Thread started: API Users 1-974
2026-05-28 16:34:22,018 INFO o.a.j.t.JMeterThread: Thread is done: API Users 1-973
2026-05-28 16:34:22,018 INFO o.a.j.t.JMeterThread: Thread finished: API Users 1-973
2026-05-28 16:34:22,024 INFO o.a.j.t.JMeterThread: Thread started: API Users 1-975
2026-05-28 16:34:22,034 INFO o.a.j.t.JMeterThread: Thread is done: API Users 1-974
2026-05-28 16:34:22,034 INFO o.a.j.t.JMeterThread: Thread finished: API Users 1-974
2026-05-28 16:34:22,034 INFO o.a.j.t.JMeterThread: Thread started: API Users 1-976
2026-05-28 16:34:22,041 INFO o.a.j.t.JMeterThread: Thread is done: API Users 1-975
2026-05-28 16:34:22,041 INFO o.a.j.t.JMeterThread: Thread finished: API Users 1-975
2026-05-28 16:34:22,041 INFO o.a.j.t.JMeterThread: Thread started: API Users 1-977
2026-05-28 16:34:22,049 INFO o.a.j.t.JMeterThread: Thread is done: API Users 1-976
2026-05-28 16:34:22,049 INFO o.a.j.t.JMeterThread: Thread finished: API Users 1-976
2026-05-28 16:34:22,051 INFO o.a.j.t.JMeterThread: Thread started: API Users 1-978
2026-05-28 16:34:22,057 INFO o.a.j.t.JMeterThread: Thread is done: API Users 1-977
2026-05-28 16:34:22,057 INFO o.a.j.t.JMeterThread: Thread finished: API Users 1-977
2026-05-28 16:34:22,065 INFO o.a.j.t.JMeterThread: Thread started: API Users 1-979
2026-05-28 16:34:22,066 INFO o.a.j.t.JMeterThread: Thread is done: API Users 1-978
2026-05-28 16:34:22,066 INFO o.a.j.t.JMeterThread: Thread finished: API Users 1-978
2026-05-28 16:34:22,070 INFO o.a.j.t.JMeterThread: Thread started: API Users 1-980
2026-05-28 16:34:22,086 INFO o.a.j.t.JMeterThread: Thread started: API Users 1-981
2026-05-28 16:34:22,087 INFO o.a.j.t.JMeterThread: Thread is done: API Users 1-979
2026-05-28 16:34:22,087 INFO o.a.j.t.JMeterThread: Thread finished: API Users 1-979
2026-05-28 16:34:22,090 INFO o.a.j.t.JMeterThread: Thread is done: API Users 1-980
2026-05-28 16:34:22,090 INFO o.a.j.t.JMeterThread: Thread finished: API Users 1-980
2026-05-28 16:34:22,093 INFO o.a.j.t.JMeterThread: Thread started: API Users 1-982
2026-05-28 16:34:22,105 INFO o.a.j.t.JMeterThread: Thread started: API Users 1-983
2026-05-28 16:34:22,105 INFO o.a.j.t.JMeterThread: Thread is done: API Users 1-981
2026-05-28 16:34:22,105 INFO o.a.j.t.JMeterThread: Thread finished: API Users 1-981
2026-05-28 16:34:22,112 INFO o.a.j.t.JMeterThread: Thread started: API Users 1-984
2026-05-28 16:34:22,112 INFO o.a.j.t.JMeterThread: Thread is done: API Users 1-982
2026-05-28 16:34:22,112 INFO o.a.j.t.JMeterThread: Thread finished: API Users 1-982
2026-05-28 16:34:22,122 INFO o.a.j.t.JMeterThread: Thread started: API Users 1-985
2026-05-28 16:34:22,123 INFO o.a.j.t.JMeterThread: Thread is done: API Users 1-983
2026-05-28 16:34:22,123 INFO o.a.j.t.JMeterThread: Thread finished: API Users 1-983
2026-05-28 16:34:22,132 INFO o.a.j.t.JMeterThread: Thread is done: API Users 1-984
2026-05-28 16:34:22,132 INFO o.a.j.t.JMeterThread: Thread finished: API Users 1-984
2026-05-28 16:34:22,134 INFO o.a.j.t.JMeterThread: Thread started: API Users 1-986
2026-05-28 16:34:22,142 INFO o.a.j.t.JMeterThread: Thread is done: API Users 1-985
2026-05-28 16:34:22,142 INFO o.a.j.t.JMeterThread: Thread finished: API Users 1-985
2026-05-28 16:34:22,145 INFO o.a.j.t.JMeterThread: Thread started: API Users 1-987
2026-05-28 16:34:22,151 INFO o.a.j.t.JMeterThread: Thread is done: API Users 1-986
2026-05-28 16:34:22,151 INFO o.a.j.t.JMeterThread: Thread finished: API Users 1-986
2026-05-28 16:34:22,152 INFO o.a.j.t.JMeterThread: Thread started: API Users 1-988
2026-05-28 16:34:22,165 INFO o.a.j.t.JMeterThread: Thread started: API Users 1-989
2026-05-28 16:34:22,170 INFO o.a.j.t.JMeterThread: Thread is done: API Users 1-987
2026-05-28 16:34:22,170 INFO o.a.j.t.JMeterThread: Thread finished: API Users 1-987
2026-05-28 16:34:22,174 INFO o.a.j.t.JMeterThread: Thread started: API Users 1-990
2026-05-28 16:34:22,175 INFO o.a.j.t.JMeterThread: Thread is done: API Users 1-988
2026-05-28 16:34:22,175 INFO o.a.j.t.JMeterThread: Thread finished: API Users 1-988
2026-05-28 16:34:22,181 INFO o.a.j.t.JMeterThread: Thread started: API Users 1-991
2026-05-28 16:34:22,186 INFO o.a.j.t.JMeterThread: Thread is done: API Users 1-989
2026-05-28 16:34:22,186 INFO o.a.j.t.JMeterThread: Thread finished: API Users 1-989
2026-05-28 16:34:22,193 INFO o.a.j.t.JMeterThread: Thread is done: API Users 1-990
2026-05-28 16:34:22,193 INFO o.a.j.t.JMeterThread: Thread finished: API Users 1-990
2026-05-28 16:34:22,193 INFO o.a.j.t.JMeterThread: Thread started: API Users 1-992
2026-05-28 16:34:22,201 INFO o.a.j.t.JMeterThread: Thread started: API Users 1-993
2026-05-28 16:34:22,204 INFO o.a.j.t.JMeterThread: Thread is done: API Users 1-991
2026-05-28 16:34:22,204 INFO o.a.j.t.JMeterThread: Thread finished: API Users 1-991
2026-05-28 16:34:22,210 INFO o.a.j.t.JMeterThread: Thread started: API Users 1-994
2026-05-28 16:34:22,211 INFO o.a.j.t.JMeterThread: Thread is done: API Users 1-992
2026-05-28 16:34:22,211 INFO o.a.j.t.JMeterThread: Thread finished: API Users 1-992
2026-05-28 16:34:22,217 INFO o.a.j.t.JMeterThread: Thread is done: API Users 1-993
2026-05-28 16:34:22,218 INFO o.a.j.t.JMeterThread: Thread finished: API Users 1-993
2026-05-28 16:34:22,222 INFO o.a.j.t.JMeterThread: Thread started: API Users 1-995
2026-05-28 16:34:22,227 INFO o.a.j.t.JMeterThread: Thread is done: API Users 1-994
2026-05-28 16:34:22,227 INFO o.a.j.t.JMeterThread: Thread finished: API Users 1-994
2026-05-28 16:34:22,234 INFO o.a.j.t.JMeterThread: Thread started: API Users 1-996
2026-05-28 16:34:22,242 INFO o.a.j.t.JMeterThread: Thread is done: API Users 1-995
2026-05-28 16:34:22,242 INFO o.a.j.t.JMeterThread: Thread finished: API Users 1-995
2026-05-28 16:34:22,246 INFO o.a.j.t.JMeterThread: Thread started: API Users 1-997
2026-05-28 16:34:22,256 INFO o.a.j.t.JMeterThread: Thread started: API Users 1-998
2026-05-28 16:34:22,262 INFO o.a.j.t.JMeterThread: Thread started: API Users 1-999
2026-05-28 16:34:22,263 INFO o.a.j.t.JMeterThread: Thread is done: API Users 1-996
2026-05-28 16:34:22,263 INFO o.a.j.t.JMeterThread: Thread finished: API Users 1-996
2026-05-28 16:34:22,273 INFO o.a.j.t.JMeterThread: Thread is done: API Users 1-997
2026-05-28 16:34:22,273 INFO o.a.j.t.JMeterThread: Thread finished: API Users 1-997
2026-05-28 16:34:22,275 INFO o.a.j.t.JMeterThread: Thread started: API Users 1-1000
2026-05-28 16:34:22,275 INFO o.a.j.t.JMeterThread: Thread is done: API Users 1-998
2026-05-28 16:34:22,275 INFO o.a.j.t.JMeterThread: Thread finished: API Users 1-998
2026-05-28 16:34:22,281 INFO o.a.j.t.JMeterThread: Thread is done: API Users 1-999
2026-05-28 16:34:22,281 INFO o.a.j.t.JMeterThread: Thread finished: API Users 1-999
2026-05-28 16:34:22,294 INFO o.a.j.t.JMeterThread: Thread is done: API Users 1-1000
2026-05-28 16:34:22,294 INFO o.a.j.t.JMeterThread: Thread finished: API Users 1-1000
2026-05-28 16:34:22,294 INFO o.a.j.e.StandardJMeterEngine: Notifying test listeners of end of test
2026-05-28 16:34:22,294 INFO o.a.j.g.u.JMeterMenuBar: setRunning(false, *local*)
